,Name,URL,length (# available seq members leq 200),cathegory (trivial [T]/exists [E]/hard [H]),ground truth,MB (Moeller-Buchberger),Diofantos_new,SINDy_new,MAVI,"Diofantos [disco., outputed]",SINDy
A000001,groups of order n,https://oeis.org/A000001,200,hard,no,,,,,,
A000002,Kolakoski,https://oeis.org/A000002,200,hard,"no, (a(n+2)*a(n+1)*a(n)/2 = a(n+2) + a(n+1) + a(n) - 3 )","a(n) * a(n-1) + a(n) * a(n-2) + a(n-1) * a(n-2) - 3 * a(n) - 3 * a(n-1) - 3 * a(n-2) + 7 = 0
a(n)*a(n-1) +a(n)*a(n-2) -a(n-1)*a(n-3) -a(n-2)*a(n-3) -3*a(n) +3*a(n-3) = 0",,,,?,?
A000005,Number of divisors of n,https://oeis.org/A000005,200,hard,no,,,,,,
A000009,Expansion of product ...,https://oeis.org/A000009,200,hard,no,,,,,,
A000010,Euler totient function,https://oeis.org/A000010,200,hard,"no, a(n) = binomial(n+1, 2) - Sum_{i=1..n-1} a(i)*floor(n/i)",,,,,,
A000014,series-reduced trees,https://oeis.org/A000014,200,hard,no.,,,,,,
A000019,primitive permutation groups,https://oeis.org/A000019,200,hard,no.,,,,,,
A000029,"bracelets, i.e. necklaces of 2 colors, turning allowed",https://oeis.org/A000029,200,hard,"no, a(0) = 1; a(n) = Sum_{k=1..n} 2^gcd(n,k)/(2*n) + either 2^((n - 1)/2) if n odd or 2^(n/2 - 1) + 2^(n/2 - 2) if n even.",,,,,,
A000031,necklaces with 2 colors w/ turning not allowed,https://oeis.org/A000031,200,hard,"no,  a(n) = (1/n) * Sum_{k=1..n} 2^gcd(n,k)",,,,,,
A000032,Lucas num. (beg. 2),https://oeis.org/A000032,200,exists,a_n = a_{n-1} + a_{n-2},s,s,s,"yes, same.",yes! a_n = a_{n-1} + a_{n-2},"yes, a(n) = a(n - 2) + a(n - 1)"
A000035,"period 2 (repeat 0,1)",https://oeis.org/A000035,200,exists,"a(n) = (1 - (-1)^n)/2.
a(n) = n mod 2.
a(n) = 1 - a(n-1).","s, also a(n) = a(n-2).",s,s,same,yes! a_n = 1 - a_{n-1},"yes, a(n) = 1 - a(n - 1)"
A000040,primes,https://oeis.org/A000040,200,hard,no,,,,,no?,no?
A000041,partitions,https://oeis.org/A000041,200,hard,no,,,,,,
A000043,Mersenne exponents,https://oeis.org/A000043,48,hard,no,,,,,,
A000045,Fibonacci,https://oeis.org/A000045,200,exists,a_n = a_{n-1} + a_{n-2},s,s,s,s,yes! a_n = a_{n-1} + a_{n-2},"yes, a(n) = a(n - 2) + a(n - 1)"
A000048,necklaces with 2 interchangable colors,https://oeis.org/A000048,200,hard,no,,,,,,
A000055,trees with n unlabeled nodes,https://oeis.org/A000055,200,hard,no,,,,,,
A000058,Sylvester's sequence,https://oeis.org/A000058,13,E,a(n+1) = a(n)^2 - a(n) + 1,s,overfit,,,yes! a_n = a_{n-1}^2 - a_{n-1} + 1,no
A000069,Odious numbers,https://oeis.org/A000069,200,hard,"no, a(2*n) = 6*n-3 -a(n), a(2*n+1) = a(n+1) + 2*n",,,,,,
A000079,Powers of 2,https://oeis.org/A000079,200,E,"a(n) = 2^n, a(n) = 2*a(n-1)",s,s,s,s,"yes, a_n = 2*a_{n-1}","yes, a(n) = 2*a(n - 1)"
A000081,unlabeled rooted trees with n nodes,https://oeis.org/A000081,200,hard,"no, a(n+1) = (1/n) * Sum_{k=1..n} ( Sum_{d|k} d*a(d) ) * a(n-k+1).",,,,,,
A000085,involutions on n letters,https://oeis.org/A000085,200,E,"yes, a(n) = (n-1)*a(n-2) + a(n-1), a(n) = Sum_{k=0..floor(n/2)} n!/((n-2*k)!*2^k*k!).
a(m+n) = Sum_{k>=0} k!*binomial(m, k)*binomial(n, k)*a(m-k)*a(n-k)e",s,yes; a(n) = n*a(n - 2) - a(n - 2) + a(n - 1),a(n) = n*a(n - 2) - a(n - 2) + a(n - 1),"not, no.",,
A000088,graphs on n unlabeled nodes. ,https://oeis.org/A000088,88,hard,"no, (n) = 2^binomial(n, 2)/n!*(1+(n^2-n)/2^(n-1)+8*n!/(n-4)!*(3*n-7)*(3*n-9)/2^(2*n)+O(n^5/2^(5*n/2)))",,,,,,
A000105,free polyominoes ,https://oeis.org/A000105,51,hard,no,,,,,,
A000108,Catalan numbers,https://oeis.org/A000108,200,hard,"no, a(n) = binomial(2n,n)/(n+1) = (2n)!/(n!(n+1)!), 
a(n) = 2*(2*n-1)*a(n-1)/(n+1),
a(n) = Sum_{k=0..n-1} a(k)a(n-1-k).",s,,,,,
A000110,Bell or exponential numbers,https://oeis.org/A000110,200,hard,"no, a(n+1) = Sum_{k=0..n} a(k)*binomial(n, k).",,,,,,
A000111,Euler numbers,https://oeis.org/A000111,200,hard," no, 2*a(n+1) = Sum_{k=0..n} binomial(n, k)*a(k)*a(n-k).",,,,,,
A000120,1's in binary,https://oeis.org/A000120,200,exists?," a(2*n) = a(n), a(2*n+1) = a(n) + 1, a(n) = a(n - 2^floor(log_2(n))) + 1",,,,,,
A000123,binary partitions,https://oeis.org/A000123,200,exists?,"no, a(n) = a(n-1) + a(floor(n/2))",,,,,,
A000124,Central polygonal numbers (the Lazy Caterer's sequence),https://oeis.org/A000124,200,E,"a(n) = n(n+1)/2 + 1,
a(n+3) = 3*a(n+2) - 3*a(n+1) + a(n),
a(n) = a(n-1) + n, 
a(n) = 2*a(n-1) - a(n-2) + 1","yes!
an(n+1)/2 + 1, a(n) = n + a(n-1), a(n) = 2*a(n-1) - a(n-2) + 1.",yes; a(n) = n + a(n - 1)  ;yes,yes; a(n) = n + a(n - 1) ,s,yes! a(n) = 2*a(n-1) - a(n-2) + 1,"yes, a(n) = a(n - 2) + 2*a(n - 1) 
a(n) =  a(n - 3) - 3*a(n - 2) + 3*a(n - 1)
a(n) = -a(n - 2) + 2*a(n - 1) + 1"
A000129,Pell numbers,https://oeis.org/A000129,200,E,a(n) = 2*a(n-1) + a(n-2),s,yes; a(n) = a(n - 2) + 2*a(n - 1)  ;yes,s,s,yes! a(n) = 2*a(n-1) + a(n-2),"yes, a(n) = a(n - 2) + 2*a(n - 1)"
A000140,Kendall-Mann numbers,https://oeis.org/A000140,200,hard,no,,,,,,
A000142,Factorials,https://oeis.org/A000142,101,exists,"a(n) = (n-1)*(a(n-1) + a(n-2)), 
a(n) = a(n-1)^2/a(n-2) + a(n-1), 
a(n) = n*(2*a(n-1) - (n-1)*a(n-2))  
a(n) = n*a(n - 1)  ((obvious))",s,yes; a(n) = n*a(n - 1),yes; a(n) = n*a(n - 1),no,,
A000161,partitions of n into 2 squares,https://oeis.org/A000161,200,hard,no,,,,,,
A000166,Subfactorial or rencontres numbers,https://oeis.org/A000166,200,exists,"a(n) = (n-1)*(a(n-1) + a(n-2)), a(n) = n*a(n-1) + (-1)^n,",s,yes; a(n) = n*a(n - 2) + n*a(n - 1) - a(n - 2) - a(n - 1),yes; a(n) = n*a(n - 2) + n*a(n - 1) - a(n - 2) - a(n - 1),no,,
A000169,labeled rooted trees with n nodes,https://oeis.org/A000169,100,exitst?,a(n) = n^(n-1),,,,,,
A000182,Tangent or Zag numbers,https://oeis.org/A000182,200,hard,no,,,,,,
A000203,sum of the divisors,https://oeis.org/A000203,200,hard,no,,,,,,
A000204,Lucas num. (beginning w/ 1),https://oeis.org/A000204,200,exists,a_n = a_{n-1} + a_{n-2},s,s,s,s,yes! a_n = a_{n-1} + a_{n-2},"yes, a(n) = a(n - 2) + a(n - 1)"
A000217,Triangular numbers,https://oeis.org/A000217,200,exists,"a(n) = binomial(n+1,2) = n*(n+1)/2 = 0 + 1 + 2 + ... + n, 
a(n) = a(-1-n), 
a(n) + a(n-1)*a(n+1) = a(n)^2, 
a(n) = (-1)^n*Sum_{k=1..n} (-1)^k*k^2, 
a(n+1) = ((n+2)/n)*a(n), 
a(n) = ((n+1)^3 - n^3 - 1)/6, 
a(n) = a(n-1) + (1 + sqrt(1 + 8*a(n-1)))/2, 
a(n) + a(n+1) = (n+1)^2, 
a(n) = a(n-2) + 2*n - 1
a(n) = 2*a(n-1) - a(n-2) + 1, 
a(n) = a(n-1) + n,","yes!
a(n) = n(n + 1)/2
a(n) = n + a(n - 1)
a(n) = 2 * a(n - 1) - a(n - 2) + 1",yes; a(n) = a(n-1) + n,yes; a(n) = a(n-1) + n,s,"yes! 
a(n) = -a(n - 2) + 2*a(n - 1) + 1","yes, checked (a(n) -a(n-1), also a124),  
a(n) = a(n - 3) - 3*a(n - 2) + 3*a(n - 1) 
a(n) = -a(n - 2) + 2*a(n - 1) + 1"
A000219,planar partitions,https://oeis.org/A000219,200,H,no,,,,,,
A000225,Sometimes Mersenne,https://oeis.org/A000225,200,E,"a(n) = 2^n - 1,
a(n) = Sum_{k=0..n-1} 2^k,
a(n) = a(n-1) + 2*a(n-2) + 2,
a(n+1) = 2*a(n) + 1, 
a(n) = 3*a(n-1) - 2*a(n-2)",s,yes; a(n) = 2*a(n - 1) + 1,s,s,yes! a(n) = 2*a(n - 1) + 1,"yes, a(n) = 2*a(n - 1) + 1 a(n) 
a(n) = -2*a(n - 2) + 3*a(n - 1) 
a(n) = 2*a(n - 1) + 1"
A000244,Powers of 3,https://oeis.org/A000244,200,E,"a(n) = 3^n,
a(n) = 3*a(n-1),",s,s,s,s,yes! 3*a(n - 1),"yes, a(n) = 3*a(n - 1)"
A000262,sets of lists,https://oeis.org/A000262,200,E,a(n) = (2*n-1)*a(n-1) - (n-1)*(n-2)*a(n-2),NO!!,yes; a(n) =  -n**2*a(n - 2) + 3*n*a(n - 2) + 2*n*a(n - 1) - 2*a(n - 2) - a(n - 1),,no,,
A000272,trees on n labeled nodes,https://oeis.org/A000272,200,E,"a(n) = n^(n-2), a(n+1) = Sum_{i=1..n} i * n^(n-1-i) * binomial(n, i)",no,,,,,
A000273,unlabeled simple digraphs,https://oeis.org/A000273,65,hard,"no, a(n) ~ 2^(n*(n-1))/n!",no,,,,,
A000290, The squares,https://oeis.org/A000290,200,E,"a(n) = n^2,
a(n) = 2*a(n-1) - a(n-2) + 2,
a(n) = a(n-1) + 2*n - 1, 
a(n+3) = 3*a(n+2) - 3*a(n+1) + a(n)","yes!, a_n = n^2, in drugi dve",yes; a(n) = a(n-1) + 2*n - 1,yes; a(n) = a(n-1) + 2*n - 1,s,yes!  a(n) = n^2,"yes, a(n) = a(n - 3) - 3*a(n - 2) + 3*a(n - 1) 
a(n) = -a(n - 2) + 2*a(n - 1) + 2"
A000292,Tetrahedral (or triangular pyramidal),A055512: a(n) = 65426320571251917396061256190605699556312*n + 89612003346591327662682469558144858164960*a(n - 10) - 62717077495790228908878886446044949214272*a(n - 9) - 62962047878392276711851308407041306917534*a(n - 8) + 19147454675757571808227120036674137951176*a(n - 7) - 1620447237678238216873424053339787628248*a(n - 6) + 56484798894440749786067202463077086459*a(n - 5) - 920814269555990876841742477664851379*a(n - 4) + 7256392816672861239922185362475170*a(n - 3) - 26241819014815550391746889255430*a(n - 2) + 34267297196141038127609974131*a(n - 1) - 628375826955315293591441619672197302095352 ,200,E,"a(n) = C(n+2,3) = n*(n+1)*(n+2)/6, 
a(n) = Sum_{k=1..n} Sum_{j=0..k} j,
a(2n) = A002492(n), 
a(2n+1) = A000447(n+1),
a(n) = Sum_{1 <= i <= j <= n} |i - j|,
a(n) = (n+3)*a(n-1)/n,
a(n) = 4*a(n-1) - 6*a(n-2) + 4*a(n-3) - a(n-4), 
a(n) = Sum_{k = 1..n} k*(n-k+1), 
a(n) = 3*a(n-1) - 3*a(n-2) + a(n-3) + 1, 
a(n) = n + 2*a(n-1) - a(n-2)","yes, prva in zadnja (vsaj).",yes; a(n) = n - a(n - 2) + 2*a(n - 1),yes; a(n) = n - a(n - 2) + 2*a(n - 1),s,yes! a(n) = a(n - 3) - 3*a(n - 2) + 3*a(n - 1) + 1,"yes,  a(n) = a(n - 3) - 3*a(n - 2) + 3*a(n - 1) + 1"
A000302, Powers of 4,https://oeis.org/A000302,101,E,"a(n) = 4^n, 
a(n) = 4*a(n-1), 
a(n) = 5*a(n - 1) - 4*a(n - 2)",s,s,s,s,yes! a(n) = 4*a(n - 1),"yes, a(n) = 4*a(n - 1)"
A000311,Schroeder's fourth problem,https://oeis.org/A000311,200,hard,"no, a(n+1) = (n+2)*a(n) + 2*Sum_{k=2..n-1} binomial(n, k)*a(k)*a(n-k+1).",no,,,,,
A000312,labeled mappings from n points,https://oeis.org/A000312,200,E,a(n) = n^n,no,,,,,
A000326,Pentagonal numbers,https://oeis.org/A000326,200,E,"a(n) = n*(3*n-1)/2, 
a(n) = 2*a(n-1) - a(n-2) + 3,
a(n) = Sum_{k=1..n} (2*n - k),
a(n) = binomial(n+1, 2) + 2*binomial(n, 2).
a(n) = 3*a(n-1) - 3*a(n-2) + a(n-3), 
a(n) = a(n-1) + 3*n-2 ","yes!
a(n) = a(n-1) + 3*n-2,
 a(n) = n*(3*n-1)/2, 
a(n) = 2*a(n-1) - a(n-2) + 3,",yes; a(n) = 3*n + a(n - 1) - 2 ,yes; a(n) = 3*n + a(n - 1) - 2 ,s,yes! a(n) = -a(n - 2) + 2*a(n - 1) + 3,"yes, a(n) = a(n - 3) - 3*a(n - 2) + 3*a(n - 1)  
a(n) = -a(n - 2) + 2*a(n - 1) + 3"
A000330,Square pyramidal numbers,https://oeis.org/A000330,200,E,"a(n) = n*(n+1)*(2*n+1)/6, binomial(n+2, 3) + binomial(n+1, 3).
a(n) = -a(-1-n) for all n in Z.
a(n) = binomial(2*(n+1), 3)/4,
a(n) = (((n+1)^4 - n^4) - ((n+1)^2 - n^2))/12,
a(n) = sqrt(Sum_{j=1..n} Sum_{i=1..n} (i*j)^2).
a(n) = (Sum_{k=1..n} Sum_{j=1..n} Sum_{i=1..n} (i*j*k)^2)^(1/3),
a(n) = Sum_{i=1..n} i*(2*n-2*i+1),
a(n) = a(n-1) + n^2,
a(n) = binomial(n+2, 2) + 2*binomial(n+2, 3),
a(n) = 3*a(n-1) - 3*a(n-2) + a(n-3) + 2. ","a(n) = n*(n+1)*(2*n+1)/6,
a(n) = a(n-1) + n^2,
a(n) = 3*a(n-1) - 3*a(n-2) + a(n-3) + 2. ",yes; a(n) = 2*n - a(n - 2) + 2*a(n - 1) - 1,yes; a(n) = 2*n - a(n - 2) + 2*a(n - 1) - 1,s,yes! a(n) = a(n - 3) - 3*a(n - 2) + 3*a(n - 1) + 2,"yes, checked (a(n) -a(n-1), also a124), 
a(n) = -a(n - 4) + 4*a(n - 3) - 6*a(n - 2) + 4*a(n - 1) 
a(n) = a(n - 3) - 3*a(n - 2) + 3*a(n - 1) + 2"
A000364,"Euler (or secant or ""Zig"") numbers",https://oeis.org/A000364,200,Hard,no,,,,,,
A000396,Perfect numbers,https://oeis.org/A000396,15,Hard,no,,overfit; a(n) = 11250805648725489239629049328410316920420599397456778737697046260847685273346645726762601007779407183712550886794008086322860160361341191825513330938202311458673711215898753347172657207765676940111446774508871314018620364543576832377307569980903260694257088573783429401965283593721045286048296626870772003210025391069928357733721079088470824409337399590373462118595832096597411487994997449531735052794188741145494776868949605469659080184698445102880796350113802447675853074827003236659998861848156800054449080334374563247201588683724428513712133780179034913835140230190636727686775499797649291201053566017448388502677887544364738301854552292757042059212961473692266452503622509391773696*n - 479571247960647809323647899216163700352166735907535833346872770394540527812101331931598510113727644512127605604901173285723023614714666157073365953891192802656611874288558555578331296371905027356361193410157741745826966090679108083282548657548574331854681700039109959701593783398485210794971671243590089054497395321003455690261457452594161119718812592350476869847306224729220364949633291131316755749070485780562939030843695237496888703937693097525141775638891558008013266417656878043259176828183672440370839230235068642660327322356829984911309512467748822969576404707492593529197807809840428259705179330068354458337570351428956869817376884287044796881574055232514357793507223783079936*a(n - 7) - 1605786197137218754859862233792167384123719493949118355615153927721781834780263409053913333428762705694784875142595839356233578854149466002818835815424470812314738354007730460916642492162449364108863572524785074689326219233496380272452600752798002982018799511576923072631603676957043251361290115791633206653778722739723158949212850428432401163588857445696278722194430561848624958171119151683172360398873313572675061929549664360111129971435198897429583649374375020498809064341082224426425201378334992119273110167925723862295139500179133797852994348947096514224470045693921936956734327360823596613604610247671806314941921244560762694872933781801905457448208376092211751128820023820288*a(n - 6) + 6721413887308607457600920506379510211646553241158742821675728499765230805835838085298623886333202373960240235564437854319635919099657431097610797813200972435375669644992233788705149483006480244980145160207650280304277787828993390059683190743199327103085593083643206383324580440753757000814598040334164498752296405802576044146655495980648354812302748431512717908299541253100555330233404303691195453841092406750619812409930647075018902772428979702827699839479901845513345111236805921008464393035983881897793022551943913659143626433425528489301616397028456213545937017160845095414542524425594728786408597692942169867954161892959341490546736823922505358288190629941126776925302292480*a(n - 5) - 837276990183515951330315362336302512897114822677077434058301790746748135925715880573363341059673335295830942518180036426453108635480317157438914665169614119933331589377638654403557796336332963499785141289055443013013416707476981647903819582577209154199513273780390940781168983933141594737917345207486545110776691902515675351382194818882090290606723556666496678538270206160828592766500782733813083671975804325640216981627496741339671273636339823022652640294547017535089240350246051788686852692648156100951860440205776619985989073677643276949458440450762696468540270622808502149769137827176715274854604473121328418267110696975365921584470571432299294514354811782824096612352*a(n - 4) + 11619552406051498837402066650534446056158933726417334251418180871295740159059004735716033624531879279522616520580818906458520795370187669664127588523125501141981436398093786976179649698072264486786874569484782782807365838160114105229791553011646074833713440329503119401849534866589607265742574240241544019676936378567362696168096069343488678765928326043602326252076480599978628939167377347813154845121556573902511638387341447629512217075506685846047753778176667078629980948893929510262606627479224641642932332721085603560609882720542036450599337277456181600897206101703113593111336641627659504004734132803047778942815642144001680843969824399444153181990912*a(n - 3) - 40748508588048412929944719089721837784872945025145953903387091981609749947362126319457353415964548103469551001155666744930602002795317152412850948370508411208092184684476806062242004635102235995944279507918809551071402568277067164162301364154255197543491031222796820358917412479032164881591792765984869722089666231554349818184935662760901485642794791111798988308759499584811413145249641689851858745713004850082372833829314234394923553035203471329448846130109813248*a(n - 2) + 6806948867923958121067844079474676323711363982759839143211800535117414541662991955288302126945828605762714916711581273989505446014015857944655326725255224187330469850226511872504732197860575873138011047605806672235932801125164840062082055034011345985334530164744476160421838886123819826114905397831671059293716297873886973301787065272855936068727811269651466626308278202341315574715134010133082748064173222650028*a(n - 1) - 75836583854277413389413124005074809162290539535204746132805886677996273488110549835625936605422508218452804871425673283824223065678711361274181426484036644536561105844715323237664179318396131956339271156987400754381456116298984165369333484976130507498527681379485102108153750285246716970495567221375885575111716005567892131600560229022464204511695518302899627851988357755402505006797299507177744939440614849359273088774396003407309395582961691338754237464956241923905528140956430552482862358330179324286168288150192822486022477039342906326675409964044650375314662014836057852495071142122143457946732214943298695477504366158803989108358695826982648577305256925238883312837601726683938816 A000578,,,,
A000521,coefficients of elliptic modular invariant,https://oeis.org/A000521,200,hard,no,,,,,,
A000578,The cubes,https://oeis.org/A000578,200,E,"a(n) = n^3, 
a(n) = 3*a(n-1) - 3*a(n-2) + a(n-3) + 6, 
a(n) = 4*a(n-1) - 6*a(n-2) + 4*a(n-3) - a(n-4).",s,yes; a(n) = 6*n - a(n - 2) + 2*a(n - 1) - 6,yes; a(n) = 6*n - a(n - 2) + 2*a(n - 1) - 6,s,yes! a(n) = n**3,"yes,  a(n) = -a(n - 4) + 4*a(n - 3) - 6*a(n - 2) + 4*a(n - 1) 
a(n) = a(n - 3) - 3*a(n - 2) + 3*a(n - 1) + 6"
A000583, Fourth powers,https://oeis.org/A000583,200,E,"a(n) = n^4, 
a(n) = 4*a(n-1) - 6*a(n-2) + 4*a(n-3) - a(n-4) + 24.",s,yes; a(n) = 24*n + a(n - 3) - 3*a(n - 2) + 3*a(n - 1) - 36,yes; a(n) = 24*n + a(n - 3) - 3*a(n - 2) + 3*a(n - 1) - 36,s,no!,"yes, checked (a(n) -a(n-1)), 
a(n) = a(n - 5) - 5*a(n - 4) + 10*a(n - 3) - 10*a(n - 2) + 5*a(n - 1)  
a(n) = -a(n - 4) + 4*a(n - 3) - 6*a(n - 2) + 4*a(n - 1) + 24"
A000593,	Sum of odd divisors of n.,https://oeis.org/A000593,200,hard,no,,,,,,
A000594,Ramanujan numbers,https://oeis.org/A000594,200,hard,no,,no,,,,
A000602,Number of n-node unrooted quartic trees,https://oeis.org/A000602,200,hard,no,,,,,,
A000612, P-equivalence classes of switching functions,https://oeis.org/A000612,13,hard,no,,overfit a(n) = 731226552772278968875808963130747289995993841207007325179832924951633608090782699186466806300589476999819564302884244319225780941325686443387314521794265430329804255890623137709403359167309070438029326350059977574950795915958305350074018274248792730995832293213669124661991631555838737666025857059571548719666953934369224170478423063849051021240718166583623742310977256983764836244688043654662256844971743966995887853514108783158630811206571530233720791939652347925401629525046485592662927767828669250031799604306319628643501411998799695583466783569171815881956066398347477137721014108919650603278460635488684939888003668810775899387272881792127922665713213790880760808507982896288395158421067377033618669204626691221869293293103202079663541753487656513655365378742692966444079386776678181904475824768385269031239680*n - 40575799720491966104131990121958330967264802655725902320277847167853669765452939079262823741221431152527156634511613294769387053026945661610335499057733905781264277979788977806059498197691775755991442937733489974804968834165936161989790621401502031546855586231210069398678926768057813938230690785857837883222778555395492651761453534919009450098371603113128961545093973036596970787142041870214953318134536791140676065850926378375738943551777163782668884682425750847018910347204314289208344873857885806074715660305697293548129505329935114833294498179205328461746014879188034806443880388575682741754474016203629593196935547061369252239522155653846251413488680717755675618734773658744770964952847150256304863369342792681781964941649120680228379936579041169904713909683101327480578959125465373705208927744679752068082171904*a(n - 6) + 10866394564867569452778900365648614209456312073628544096703225450769136952197695061431681319270396440541544193174887566476951552146067669111291538207238343859346342150152601494811868365034980722959094120947666628327683616916817493905717913406514782932733958778120281340043391527821013211786570932050462032542569158383310001024328005465935414414505659141642571998072581636322487877968328658223015392047919219924965216063445021938027717215247429463971000180128449193724757182110127632470212334865481245286622694294886679481942145468579046667351057526409332839225773707908084299632625187883953019942171594150722403643679761582441333730045857766025269396954963402480997544786536550714485781721141511959557295735395953376035771004657164723430890862370033416358629967021932524910850461757910337297134344686602546371219816448*a(n - 5) - 106500158575124870769250046531455454593387391633938069428928373537642353821332013511428472180080228873902810384147605485702961098837612515985814842532619808585241249011337407735033319091650879586103541309041033213216042996453730979088788020646456878471166893211444625607662147454174886263176277975669321860576192566274869015466291588702506519074575741272564174332753611838839762790635128829753573917395599315141343572105248106911924785810193205356713458439639867067495717697431859596049469653606869132505546790117743836076622851670532553961238029644284049278428673442962234523004563864035350632461946239997467447127686317878419534965880856385753317065469461187288724729607338692715487215303518185727350756830159515034234519088877075726546716058314535417248958187031453087967597324826178116981102399966508256747282432*a(n - 4) + 153587937976585594917163223512099794687739087518747455001684402166447733266553120649028067564922877262036945261499282564021901242684287579441672396185146457040056142232686760648885671213667618802399881165688339365160628206111966510850886097130606349004397836803067590735309984097973958726194417189009205214021067759272774213102604813815680279226192902442384229446572047826495956916295492091014482551748926929889811801665283343921183498195936742897850531312500971129111727412154966169643080317021787408546047653849907884354213441345944561940523512063305189510674237247480925836504724836422084433852682267822718733965908372944177997358024145474883236249389926337884574669014684089615295870871241386606897916943427813737921475029439319236529815077218784440214477751767437479827337832555416769856547826359626240*a(n - 3) - 3610835085624389827510297691626087742353697275777788750626942743932209642267760239999594362380220217018943478187994703489281359320081216216990464031840962510128049287058227235434435814538233378207622955756975082844380117145749352899404316726836257119211127452066034189013238664584469144500860857100805562050704195323946699245558269358612491081628924187829939348968659079032963027082058588106015980060179438067880965405582989404370423285437175421422782927247898509652389374787278158938221644443032649934465298998367916812417574251465628597885625910412274359423854506728260991486387660598539838595880933040018884604901333087279707352466157462640641989791858735425315525028366660382584918961761494728355766549505131045677039975109503557262517520602973002622370113232832480*a(n - 2) + 2693083839275917275059573057389162663370341889142957002677528785627054594905657574433100117626909455307393163410158168291176629929207576757924012698870679433732588860303705968622094402021580489436498868362310337900309070115476649150593200790003750938395095794641158940184069760395074986274881846349629932978798379752179404307135897441140646020710166748877868297538407770667107186823747362286188658078746495883938602439939761827781794915911671480395762971331642685748598854373224291400662138754672744558015767900808140550602327632127669371257080960030773644581397731045435451206384861330741527241633599168673807720094*a(n - 1) + 15094652219430385090871412094378822595452548030713618582179855294164585250502102294455671245345815271340522580080902125751754125198197799977370593691755857035183806707254282512883853505457442667791921770242882005143006533331430821156152897226326673931761364250308607255899948739312110912082026195406377052390287258353718559788411849166563423427496701099913348326808118489547200944735628140725371482845158515557211280638413857849009990615737549900836394593925910549188715553294829135794514177895738395132825763073364087505819405825241826339849371116065681874220402401827274146373980162078384648709075658164418836810963148784384811846991537821960239203729026762940733427618357236203766760678101474307359084451601836254107265785964209896326884368637949921623896357990782874795520124358691356254974006803829015604233240576,,,,
A000670,Fubini,https://oeis.org/A000670,200,hard,no,,,,,,
A000688,Abelian groups of order n,https://oeis.org/A000688,200,hard,no,,,,,,
A000720,primes <= n,https://oeis.org/A000720,200,hard,no,,,,,,
A000793,Landau's g(n),https://oeis.org/A000793,200,hard,no,,,,,,
A000796,pi's digits,https://oeis.org/A000796,200,hard,no,,,,,,
A000798,quasi-orders with labels,https://oeis.org/A000798,19,hard,"no, a(n) = Sum_{k=0..n} Stirling2(n, k)*A001035(k).
It is known that log_2(a(n)) ~ n^2/4.",,overfit; a(n) = -89918787166708341453998479107834384*n + 249696116810569706298727423115092944*a(n - 10) + 295092128543068328261290052796908166*a(n - 9) - 24440800402850263749239137508331081*a(n - 8) - 3344663092667651945562439525511241*a(n - 7) + 227327356590828127301307065693617*a(n - 6) - 3807163806787951162610301247662*a(n - 5) + 22410590049708390619167529994*a(n - 4) - 49785431397621362896257318*a(n - 3) + 40003193753920587754175*a(n - 2) - 9172375741230028497*a(n - 1) + 490640136574611354543215057741876736 ,,,"no, only overfit: "" a(n) = 36706718060941852082056164*a(n - 4)**3 + 164191407949659439614295141*a(n - 4)**2*a(n - 3) - 62563673918957175202297036*a(n - 4)**2*a(n - 2) + 29409601555571712361356384*a(n - 4)**2*a(n - 1) + 8250031086223133071073155*a(n - 4)**2 - 43239802658245455571463982*a(n - 4)*a(n - 3)**2 + 83944618082808191924654785*a(n - 4)*a(n - 3)*a(n - 2) + 65959411381522644219727725*a(n - 4)*a(n - 3)*a(n - 1) - 39251263714390184680279358*a(n - 4)*a(n - 3) - 31592266215336080205370499*a(n - 4)*a(n - 2)**2 - 33036587673452475130051436*a(n - 4)*a(n - 2)*a(n - 1) - 50516545883360368728827677*a(n - 4)*a(n - 2) - 261663707409877013264769*a(n - 4)*a(n - 1)**2 + 55875879756512335987805581*a(n - 4)*a(n - 1) - 77169469421252471858912514*a(n - 4) - 69293967484903517614366053*a(n - 3)**3 - 29251362819328916284335930*a(n - 3)**2*a(n - 2) + 71837010224233181588195889*a(n - 3)**2*a(n - 1) + 121443865016118950472958169*a(n - 3)**2 - 32220814774872840377704884*a(n - 3)*a(n - 2)**2 + 1303943621533460610666645*a(n - 3)*a(n - 2)*a(n - 1) - 128709119277876775872132213*a(n - 3)*a(n - 2) - 151134278662692418205*a(n - 3)*a(n - 1)**2 - 7137891344668184688725081*a(n - 3)*a(n - 1) - 77910351397962351499955823*a(n - 3) - 1108907649961422567290295*a(n - 2)**3 + 202831962355426188555*a(n - 2)**2*a(n - 1) - 48861139697317145926048960*a(n - 2)**2 - 582929238523854*a(n - 2)*a(n - 1)**2 + 3924562277001832261990809*a(n - 2)*a(n - 1) + 69569719697496477363090108*a(n - 2) + 60986529690*a(n - 1)**3 - 91361677163343240158196*a(n - 1)**2 - 14564238491240107372878392*a(n - 1) + 2787316436397440347846410"",",
A000959,Lucky,https://oeis.org/A000959,200,hard,no,,,,,,
A000961,powers of primes,https://oeis.org/A000961,200,hard,no,,,,,,
A000984,	Central binomial coefficients,https://oeis.org/A000984,200,exists,n*a(n) + 2*(1-2*n)*a(n-1)=0,s,,,,,
A001003,	Schroeder's second problem ,https://oeis.org/A001003,200,exists,(n+1) * a(n) = (6*n-3) * a(n-1) - (n-2) * a(n-2),s,,,,,
A001006,		Motzkin numbers,https://oeis.org/A001006,200,exists,(n+2)*a(n) = (2*n+1)*a(n-1) + (3*n-3)*a(n-2),s,,,,,
A001034,		Orders of noncyclic simple groups,https://oeis.org/A001034,200,hard,no,,,,,,
A001037,degree-n irreducible polynomials over GF(2),https://oeis.org/A001037,200,hard,no,,,,,,
A001045,Jacobsthal sequence,https://oeis.org/A001045,200,exists,"a(n) = a(n-1) + 2*a(n-2), a(n) = int(2^n/3). ","s, also a(n)^2 -4*a(n)*a(n-1) +4*a(n-1)^2 -1",s,s,s,yes! a(n) = 2*a(n - 2) + a(n - 1),"yes,  a(n) = 2*a(n - 2) + a(n - 1)"
A001055,multiplicative partition function,https://oeis.org/A001055,200,HARD,no,,,,,,
A001057,Canonical enumeration of integers,https://oeis.org/A001057,200,trivial,a(n) = 1 - 2*a(n-1) -a(n-2),"s, also 2*a(n)*(2*a(n) - 1) = n^2 - n",s,s,s,yes! a(n) = -a(n - 2) - 2*a(n - 1) + 1,"yes!, a(n) = a(n - 3) + a(n - 2) - a(n - 1) 
a(n) = -a(n - 2) - 2*a(n - 1) + 1"
A001065,Sum of proper divisors,https://oeis.org/A001065,200,hard,"fano variety. Nature comunications, 14:2041–1723, 9 2023",,,,,,
A001097,twin primes,https://oeis.org/A001097,200,hard,no,,,,,,
A001113,e's digits,https://oeis.org/A001113,200,hard,no,,,,,,
A001147,Double factorial of odd numbers,https://oeis.org/A001147,200,exists,"a(n) = (2*n-1)!!, 
a(n) = a(n-1)*(2*n-1), 
a(n) = (2*n - 3)*a(n-2) + (2*n - 2)*a(n-1), 
a(n) = (3*n - 2)*a(n-1) - (n - 1)*(2*n - 3)*a(n-2) ",s,yes; a(n) = a(n-1)*(2*n-1),yes; a(n) = a(n-1)*(2*n-1),no,,
A001157,sum of squares of divisors of n. ,https://oeis.org/A001157,200,hard,no,,,,,,
A001190,		Wedderburn-Etherington numbers,https://oeis.org/A001190,200,h,no,,,,,,
A001221,distinct primes dividing n,https://oeis.org/A001221,200,H,no,,,,,,
A001222,prime divisors of n counted with multiplicity,https://oeis.org/A001222,200,h,no,,,,,,
A001227,odd divisors of n. ,https://oeis.org/A001227,200,H,no,,,,,,
A001285,Thue-Morse sequence,https://oeis.org/A001285,200,H,"no, a(2n) = a(n), a(2n+1) = 3 - a(n),",no,,,,,
A001333,sqrt(2)'s continued fractions' numerators,https://oeis.org/A001333,200,E,"a(n) = 2a(n-1) + a(n-2),
a(n) = ((1-sqrt(2))^n + (1+sqrt(2))^n)/2.",s,s,s,s,yes! a(n) = a(n - 2) + 2*a(n - 1),"yes, a(n) = a(n - 2) + 2*a(n - 1)"
A001349,connected graphs with n nodes,https://oeis.org/A001349,76,H,no,,,,,,
A001358,biprimes,https://oeis.org/A001358,200,H,no,,,,,,
A001405,"binomial(n, floor(n/2))",https://oeis.org/A001405,200,E,(n+1)*a(n) = 2*a(n-1) + 4*(n-1)*a(n-2),s,,,,,
A001462,	Golomb's sequence,https://oeis.org/A001462,200,E,a(n+1) = 1 + a(n+1-a(a(n))).,"no, but some else: a(n)^2 -2*a(n)*a(n-1) +a(n-1)^2 -a(n) +a(n-1) = 0",,,,,
A001481,sum of 2 squares,https://oeis.org/A001481,200,H,no,,,,,,
A001511,the ruler function,https://oeis.org/A001511,200,E,a(2*n+1) = 1; a(2*n) = 1 + a(n),,,,,,
A001519,odd bisection of Fibonacci,equation:,200,E,a(n) = 3*a(n-1) - a(n-2),s,s,yes; a(n) = -3*a(n - 3) + 8*a(n - 2),s,yes! a(n) = -a(n - 2) + 3*a(n - 1),"yes, a(n) = -a(n - 2) + 3*a(n - 1)"
A001615,Dedekind psi function,https://oeis.org/A001615,200,H,no,,,,,,
A001699,Number of binary trees of height n,https://oeis.org/A001699,13,E,"a(n+1) = 2*a(n)*(a(0) + ... + a(n-1)) + a(n)^2.
a(n+1) = a(n)^2 + a(n) + a(n)*sqrt(4*a(n)-3), ","maybe, as Diofantos: a(n) = -a(n-2)^3 +a(n-1)^2 +3*a(n-1)*a(n-2) +2*a(n-2)^2 +2*a(n-1) -4*a(n-2)",a(n) = -491077576676451564660161224215123664438636851046687136758643516867933510499593631194302926325325713975943263904981713832016216171784886793750775875169015062067178473367445029510831759959090392391667719592653483720389915291233222654045216687196555945106367724668017893863955438529881577483429918371892162214409751770039486466497843255044937274244604042390338289404820682707780582527029397112031219179821721166415200763637338013256354505739488890206756779286551271279313785446510592000*n + 1892975572019084826163768100435207829556747489038670232810924291124298953118115131766141659634960862583290492810347572805836236618987937045797396132637986205152555218775564461633237278053938193810603825027691328385247131325099414036605371268317389694824559858883571117197416163953020212029124745614395824697050805872534178222236126605174527001974422981853769922364103316548227566086090001199806116268113939762553327788605647394588877057625082336545861442214212285283084531881916833280*a(n - 6) + 394185281805652218274793695661952283758229224283225467326196467980256248072819893230647670423185268502994796172142251028782479136549402002136828081250199960105363576241034943692051870904328838265088174229183951478730945868001274560395331716880847352481723234888632528783824237611658325381607419500741160398171375106068234225121885793174475625107636466952142498102457880741945382991890916014822429153067435606650625590472222078730401225547175791218541391952163567499039575641764096000*a(n - 5) - 16517487775418341641893627798910439172652370221839330240093742667121631804398483914192231831682591793769609215306707693101845059469729280441908095856418465060031391779308749602659356034434429021188573367322475171206135046307229155179036590954977481937257535303846178783361830214573539424132846978540547361520464071724803213377795796904958669761910168643752964756971631662331183790922345552266881802788727831012979938086441347052005324349177767718247660099388504022753833335899781280*a(n - 4) + 34592099487742324856335741637829492834216630225934239845620393835552615831245165566839752814551689563722368941898349523642233547859850781402218989579009563975414018363936168445393573080527354719698063393589967543112005234666801091385772702705601405608844634463344514129592480017380717076129267175350585664112192800643423339847655837891076866722129801511988498556432896890522167666631370910473642882360650530983744230962591709183043094647215668559106046022417951855101804947688*a(n - 3) - 783903844688974149981846246169914277819205399563491728984262299400429388357833485428290560990947392187756571674617953950727073580181483398617271150570242325506883458613233004850583476586082806536237962624842402419456318910882726335126388312472680684334976077490708437255330465524604832583399542120207518489716228935686844085863220721915530577308638489539887910458584411790821225810995669948051287934581553005267472078333111939289903239140992127916252908*a(n - 2) + 206733204042421677181634718734036889377274379383357716793405865823317095368775657289542893431301865587044159439932831930902368937536882413681471975385268028818733646578347380634684648143726569365911471574631321195935873740154552068919722327625823027700654533080154913440224313134752533412320727459997464114573983691954271856133522124914666849429031418583487460747*a(n - 1) + 708856343126138125859264450050060199307974156712692272772599006936442925730722873331882776663726354386151882937389862964479842654498365452532101111835169166071000497522291244334658241000878243534760079725604110247509813875501156878425518522833967295651564351883446320668303144408763086799848874657170160074366504029852659652088108618243363400971232328956096207655722227031565321045307873586529688294265474733738971275113593751002988938458570173295663381074216080350008034721851392000 ,,,"no? very probable overfit, to check: a(n) = -a(n - 2)**3 + 2*a(n - 2)**2 + 3*a(n - 2)*a(n - 1) - 4*a(n - 2) + a(n - 1)**2 + 2*a(n - 1)",
A001700,n+1 indistinguishable balls into n+1 distinguishable boxes,https://oeis.org/A001700,200,E,a(n) = 2*(2*n+1)*a(n-1)/(n+1),"s, also a(n) = (4*n-2)*a(n-1)/n",,,,,
A001764,ternary trees ,https://oeis.org/A001764,200,E,2*n*(2n+1)*a(n) - 3*(3n-1)*(3n-2)*a(n-1) = 0,no,,,,,
A001906,even bisection of Fibonacci,https://oeis.org/A001906,200,E,a(n) = 3*a(n-1) - a(n-2),s,s,s,s,yes! a(n) = -a(n - 2) + 3*a(n - 1),"yes, a(n) = -a(n - 2) + 3*a(n - 1)"
A001969,Evil numbers,https://oeis.org/A001969,200,E,"a(n) = 3*n-3 - a(n/2) if n even, a(n) = a((n+1)/2)+n-1 if n odd.","no, sth else: a(n)^2 -4*a(n)*n +4*n^2 -a(n) +2*n, kar pomeni
a = 2n or a = 2n + 1",,,,,
A002033,perfect partitions of n,https://oeis.org/A002033,200,H,no,,,,,,
A002083,Narayana-Zidek-Capell numbers,https://oeis.org/A002083,200,H,no,,,,,,
A002110,Primorial numbers,https://oeis.org/A002110,200,H,no,,,,,,
A002113, Palindromes in base 10. ,https://oeis.org/A002113,200,H,no,,,,,,
A002275,Repunits: (10^n - 1)/9,https://oeis.org/A002275,200,E,"a(n) =  (10^n - 1)/9,   
a(n) = 10*a(n-1) + 1,
a(n) = 11*a(n-1) - 10*a(n-2),",s,s,s,s,yes! a(n) = 10*a(n - 1) + 1,"yes, a(n) = -10*a(n - 2) + 11*a(n - 1) 
a(n) = 10*a(n - 1) + 1"
A002322,	Reduced totient function psi(n),https://oeis.org/A002322,200,E,a(p) = p-1 for prime p,,,,,,
A002378,"Oblong (or promic, pronic, or heteromecic)",https://oeis.org/A002378,200,E,"a(n) = n*(n+1), 
a(n) = a(n-1) + 2*n,
Sum_{n >= 1} a(n) = n*(n+1)*(n+2)/3,
Sum_{n >= 1} 1/a(n) = 1, 
Sum_{n >= 1} (-1)^(n+1)/a(n) = log(4) - 1,
a(n)*a(n+1) = a(n*(n+2)),
Sum_{k = 1..n} 1/a(k) = n/(n+1),
Log 2 = Sum_{n >= 0} 1/a(2n+1) = Sum_{n >= 0} (-1)^n/(n+1),
a(n-1) = n^2 - n,","yes, a(n) = n(n+1); a(n) = 2*a(n-1) - a(n-2) + 2.",yes; a(n) = a(n-1) + 2*n,yes; a(n) = a(n-1) + 2*n,s,yes! a(n) = n**2 + n,"yes, checked (a(n)-a(n-1) for a(n) = a(n-1) + 2n and repeat once), 
a(n) = a(n - 3) - 3*a(n - 2) + 3*a(n - 1) 
a(n) = -a(n - 2) + 2*a(n - 1) + 2"
A002426,Central trinomial coefficients,https://oeis.org/A002426,200,E,a(n) = ((2*n - 1)*a(n-1) + 3*(n - 1)*a(n-2))/n,n,,,,,
A002487,Stern's diatomic series,https://oeis.org/A002487,200,E,a(n+1) = (2*k+1)*a(n) - a(n-1) where k = floor(a(n-1)/a(n)),"no, but sth implicit",,,,,
A002530,sqrt(3)'s continued fractions' denumerators,https://oeis.org/A002530,200,E,"a(n) = 4*a(n-2) - a(n-4), 
a(n) = -(-1)^n * a(-n),
a(2*n) = a(2*n-1) + a(2*n-2), a(2*n+1) = 2*a(2*n) + a(2*n-1).
a(2*n) = ((2 + sqrt(3))^n - (2 - sqrt(3))^n)/(2*sqrt(3)).
a(n+1)*a(n+2) - a(n+3)*a(n) = (-1)^n,",s,s,s,s,yes! a(n) = -a(n - 4) + 4*a(n - 2),"yes, a(n) = -a(n - 4) + 4*a(n - 2)"
A002531,sqrt(3)'s continued fractions' numerators,https://oeis.org/A002531,200,E,"G.f.: (1 + x - 2*x^2 + x^3)/(1 - 4*x^2 + x^4)
a(2*n) = a(2*n-1) + a(2*n-2), a(2*n+1) = 2*a(2*n) + a(2*n-1),
a(n) = ((1 + sqrt(3))^n + (1 - sqrt(3))^n)/(2*2^floor(n/2)),
a(n) = ((1 - sqrt(2))*(-1)^n + 1 + sqrt(2))*(((sqrt(2) - sqrt(6))/2)^n + ((sqrt(6) + sqrt(2))/2)^n)/4,
a(n) = (-1)^n*a(-n),","s, a(n) = 4*a(n-2)-a(n-4)",s,s,s,"yes, to check!, a(n) = -a(n - 4) + 4*a(n - 2)","yes, a(n) = -a(n - 4) + 4*a(n - 2)"
A002572,partitions of 1 into n powers of 1/2,https://oeis.org/A002572,200,hard,no,,,,,,
A002620,Quarter-squares,https://oeis.org/A002620,200,E,"a(n) = floor(n/2)*ceiling(n/2), 
a(n) = floor(n^2/4), 
a(n) = (2*n^2-1+(-1)^n)/8,
a(n) = 2*a(n-1) - 2*a(n-3) + a(n-4),
a(-n) = a(n),
a(n) = a(n-1) + floor(n/2),
a(n) = a(n-1) + a(n-2) - a(n-3) + 1,","s, last eq, also: a(n) = a(n) = (n^2  -n -2*a(n-1))/2
a(n) = n  +a(n-2) -2",yes; a(n) = n + a(n - 2) - 1,yes; a(n) = n + a(n - 2) - 1,s,yes! a(n) = -a(n - 3) + a(n - 2) + a(n - 1) + 1,"yes, a(n) = a(n - 4) - 2*a(n - 3) + 2*a(n - 1) 
a(n) = -a(n - 3) + a(n - 2) + a(n - 1) + 1"
A002654,ways of writing n as a sum of at most two nonzero squares,https://oeis.org/A002654,200,E,a(4*n + 3) = a(9*n + 3) = a(9*n + 6) = 0. a(9*n) = a(2*n) = a(n),,,,,,
A002658,planted trees in which every node has degree <= 3 and of height n;,https://oeis.org/A002658,14,E,a(n + 1) = a(n) * (a(n) / a(n-1) + (a(n) + a(n-1)) / 2), a(n) = -1*(a(n-2)^3 -2*a(n-1)^2 -6*a(n-1)*a(n-2) -4*a(n-2)^2 -8*a(n-1) +11*a(n-2))/4,,,,,
A002808, composite numbers,https://oeis.org/A002808,200,H,no,,,,,,
A003136,Loeschian numbers,https://oeis.org/A003136,200,H,no,,,,,,
A003418,Least common multiple of [n],https://oeis.org/A003418,200,E,"a(n) = Product (p^(floor(log n/log p))), where p runs through primes not exceeding ",,,,,,
A003484,Hurwitz-Radon numbers.,https://oeis.org/A003484,200,E,"If n=2^(4*b+c)*d, 0<=c<=3, d odd, then a(n) = 8*b + 2^c.
If n=2^m*d, d odd, then a(n) = 2*m+1 if m=0 mod 4, a(n) = 2*m if m=1 or 2 mod 4, a(n) = 2*m+2 (otherwise, i.e., if m=3 mod 4).",,,,,,
A004011,Fourier coefficients of Eisenstein series,https://oeis.org/A004011,200,H,no,,,,,,
A004018,        Theta series of square lattice,https://oeis.org/A004018,200,E,a(n) = floor(1/(n+1)) + 4*floor(cos(Pi*sqrt(n))^2) - 4*floor(cos(Pi*sqrt(n/2))^2) + 8*Sum_{i=1..floor(n/2)} floor(cos(Pi*sqrt(i))^2)*floor(cos(Pi*sqrt(n-i))^2). ,,,,,,
A004526,Nonnegative integers repeated,https://oeis.org/A004526,200,Trivial,"a(n) = floor(n/2),
a(n) = 1 + a(n-2).
a(n) = a(n-1) + a(n-2) - a(n-3).
a(2*n) = a(2*n+1) = n.
a(n+1) = n - a(n),",s,yes; a(n) = n - a(n - 1) - 1,yes; a(n) = n - a(n - 1) - 1,s,yes! a(n) = a(n - 2) + 1,"yes, a(n) = -a(n - 4) + 2*a(n - 2) 
a(n) = a(n - 2) + 1"
A005036,Dissections of a polygon into n quadrilaterals,https://oeis.org/A005036,100,H,no,,,,,,
A005100,Deficient numbers,https://oeis.org/A005100,200,H,no,,,,,,
A005101,Abundant numbers,https://oeis.org/A005101,200,H,no,,,,,,
A005117,Squarefree numbers,https://oeis.org/A005117,200,E,Sum_{n>=1} (-1)^(a(n)+1)/a(n)^2 = 9/Pi^2.,no,,,,,
A005130,Robbins numbers,https://oeis.org/A005130,101,E,a(n+1) = a(n) * n! * (3*n+1)! / ((2*n)! * (2*n+1)!),no,,,,,
A005230,Stern's sequence,https://oeis.org/A005230,200,E,2*a(n*(n+1)/2 + 1) = a(n*(n+1)/2 + 2) ,no,,,,,
A005408,Odd numbers,https://oeis.org/A005408,200,Trivial,"a(n) = 2*n + 1,          
a(-1 - n) = -a(n), 
a(n+1) = a(n) + 2,
a(n) = (n+1)^2 - n^2,
a(n) = 2*a(n-1) - a(n-2),
a(n) = (n - 1) + n 
n*a(2n+1)^2+1 = (n+1)*a(2n)^2",s,yes; a(n) = 2*n + 1,yes; a(n) = 2*n + 1,s,yes! a(n) = a(n - 1) + 2,"yes,  a(n) = -a(n - 2) + 2*a(n - 1) 
a(n) = a(n - 1) + 2"
A005588,free binary trees admitting height n,https://oeis.org/A005588,12,H,no,,overfit; a(n) = -210173257471229697178367168831786702429964442280988055749985770637973441952263813874087182568623360743975601424706944499536086943681767177462433001813008810541842481516262286028607172998371701669641491027008500795654042737099931316646036845942229433171619634822613009642472426686608715535429874562997363192459980657456105926677101099331326972089736799688008604149397811350232084794743844973986327580651603215703243162141360250691512632761455261136789682647076724187420991912436100076662497064884024132950968676955246089026*n - 18446601549741359376414649468996261185275326556836806170824408243651396556127472951593307230132980277824169617123423343358345039718838176056979049842181353032188352146342754169062405168529559609881524823034935218908256047624264851963952974859867273650998315248592715578160180508856735595196943563871334836652261047391350463116242154228608115327498683753221224385633736158525954802352305724717835468250993630703420796469855766600147523043044783388620055161869463892334870785592041500536905321235107818674856991969000791688*a(n - 6) + 225933078158939978648710949396269705880319954542763202899504071799725992335862836620494247936873413315715033472672149188400841416036386635080951234824230668959968480645492344589785266535070219139821790755618517881866587329001161548882321394139569196275578119201352949096813805515834544999305037020539783966230927883405032210963820793712428276645468519482370813114968555482722896025942803698112809601162388071083758813668717359084255909664887072110477066578297705567575366018979575252464854646622058695740796999929780185081*a(n - 5) - 4744661447230738916572931165066003416751773445901762595442309655265719770826075604203650428021957920787211134266273475343675441707125352809622896227846718626320020316201975290996683104052790469711665833877572245784704493549973923434196019017495177451864578229781862086053729730550610508498422329087764533741272248970993116075488087578606655821868947338219050501449639992620464379254912868271659878897065760738436417644751777211765626387817765035664232641616427598757298264029960926096247367294448199583875390171853967766*a(n - 4) + 3499714386809565085020088818209645775312996484459741460875254186379099162583983318091225519697242161826980680121364676592852553705196391759064551741254177148576758205824548370975441452774803138654139347686935296260323275454041433909472209551016213689226263979384193054046112078120242684472335534505544912486016594765226688070122476708331713807934180509382016259189711553020175002090046949376781177765421463279907121333200135722155305868593791235249868109474830624010057968364317498412756907114097858420957547532985*a(n - 3) - 1229007484120137226066817756561582952976704238229387890966701796321084113138793871518693463560411006330801864026485897946277835700475381324206895412901120557771452415180059340667426598355243006593408850500591054334601051008544517154659924502259010262780293966571584392776561479590665514117673257644335621061416541106469448931741474138840035649961755321515269242589291127221057887655585971158286783756574247300660028063648522239825218917653295400689861237816126278270559450768420584053024880*a(n - 2) + 18691477059139416386947622109118343169454323275218700251179059032265376512275031320453033585464308653938755189818989357347323444225237376135530554882860265237373999239508181345100583489697047729959498532674875099546429160901130695196955491932685983220578853236817675324956423778531556330165009957734613111186163939335300959459795342363984310542408449965721655772596707462062650956091985968484*a(n - 1) - 36883868820507589858478257927562677798056587070282986799080594654775124421685888938196591910288936263575868155036829989805963385567090725860251912169679298516263262333813738199035549376103973570172403465799536303509435818520156537036351773912462046719883618968055677449497107345439952991244596482202982794732218180779650564158902744448008446633619107072439813175092731307888184266592055307508936119427992326960638271039673142696214914586094050009426143206325071411624710659346741442412295205285263001300721576347167898547 ,,,,
A005811,Runs in binary expansion of n,https://oeis.org/A005811,200,E,"a(2n+1) = 2a(n) - a(2n) + 1, 
a(4n) = a(2n), a(4n+2) = 1 + a(2n+1)",,,,,,
A005843,Even numbers,https://oeis.org/A005843,200,Trivial,"a(n) = 2*n, 
a(n) = 2a(n-1) - a(n-2)",s,s,yes! a(n) = 2*n,s,yes! a(n) = 2*n,"yes, a(n) = -a(n - 2) + 2*a(n - 1) 
a(n) = a(n - 1) + 2"
A006318,Large Schröder numbers,https://oeis.org/A006318,200,E,(n-2)*a(n-2) - 3*(2*n-1)*a(n-1) + (n+1)*a(n) = 0,s,,,,,
A006530,greatest prime dividing n,https://oeis.org/A006530,200,E,a(n) = n + 1 - Sum_{k=1..n} (floor((k!^n)/n) - floor(((k!^n)-1)/n)),,,,,,
A006882,Double factorials,https://oeis.org/A006882,200,E,"a(n) = n!!, 
a(n) = n*a(n-2)
a(n) = n!/a(n-1)",s,yes; a(n) = n*a(n - 2),yes; a(n) = n*a(n - 2),no,,
A006894,planted 3-trees of height < n,https://oeis.org/A006894,14,E,a(n+1) = a(n)(a(n)+1)/2 + 1,s,,,,,
A007318,Pascal's triangle read by rows,https://oeis.org/A007318,200,H,no,,,,,,
A008275,Triangle read by rows of Stirlings,https://oeis.org/A008275,200,H,no,,,,,,
A008277,Triangle of Stirlings kind 2,https://oeis.org/A008277,200,H,no,,,,,,
A008279,"Triangle T(n,k) = n!/(n-k)!",https://oeis.org/A008279,200,H,no,,,,,,
A008292,Triangle of Eulerian numbers ,https://oeis.org/A008292,200,H,no,,,,,,
A008683,Möbius function mu(n),https://oeis.org/A008683,200,E,Sum_{d|n} mu(d) = 0,,,,,,
A010060,Thue-Morse sequence,https://oeis.org/A010060,200,E,"a(2n) = a(n), a(2n+1) = 1 - a(n)",,,,,,
A018252,	The nonprime numbers,https://oeis.org/A018252,200,H,no,,,,,,
A020639,least prime dividing n ,https://oeis.org/A020639,200,H,no,,,,,,
A020652,Numerators in Z+ to Q+,https://oeis.org/A020652,200,H,no,,,,,,
A020653,Denominators in a bijection from Z+ to Q+,https://oeis.org/A020653,200,H,no,,,,,,
A025487,Least integer of each prime signature,https://oeis.org/A025487,200,H,no,,,,,,
A027641,Numerator of n-th Bernoulli number,https://oeis.org/A027641,200,H,no,,,,,,
A027642,Denominator of Bernoulli number,https://oeis.org/A027642,200,H,no,,,,,,
A035099,McKay-Thompson series,https://oeis.org/A035099,200,H,no,,,,,,
A038566,Numerators in Z -> Q,https://oeis.org/A038566,200,H,no,,,,,,
A038567,Denominators in Z -> Q,https://oeis.org/A038567,200,H,no,,,,,,
A038568,,https://oeis.org/A038568,200,,,,,,,,
A038569,,https://oeis.org/A038569,200,,,,,,,,
A049310,,https://oeis.org/A049310,200,,,,,,,,
A055512,Lattices with n labeled elements,https://oeis.org/A055512,20,hard,no.,,overfit; A055512: a(n) = 65426320571251917396061256190605699556312*n + 89612003346591327662682469558144858164960*a(n - 10) - 62717077495790228908878886446044949214272*a(n - 9) - 62962047878392276711851308407041306917534*a(n - 8) + 19147454675757571808227120036674137951176*a(n - 7) - 1620447237678238216873424053339787628248*a(n - 6) + 56484798894440749786067202463077086459*a(n - 5) - 920814269555990876841742477664851379*a(n - 4) + 7256392816672861239922185362475170*a(n - 3) - 26241819014815550391746889255430*a(n - 2) + 34267297196141038127609974131*a(n - 1) - 628375826955315293591441619672197302095352 ,,,"no, prolly overfit: "" A055512 .. h .. a(n) = -1105472571399536518*a(n - 6)**2 + 3588308353318391503*a(n - 6)*a(n - 5) + 2224863515319969013*a(n - 6)*a(n - 4) - 1694872272832474807*a(n - 6)*a(n - 3) + 591752402704155245*a(n - 6)*a(n - 2) - 27317905897404479*a(n - 6)*a(n - 1) + 596594399922541876*a(n - 6) - 1265421825004137781*a(n - 5)**2 - 1007454242957500909*a(n - 5)*a(n - 4) + 1029172703958521086*a(n - 5)*a(n - 3) + 238195649422380681*a(n - 5)*a(n - 2) - 34707715623429843*a(n - 5)*a(n - 1) - 4377029257165658714*a(n - 5) - 1634489814979823823*a(n - 4)**2 + 751661964429027137*a(n - 4)*a(n - 3) + 244422938141221588*a(n - 4)*a(n - 2) + 7047688110885070*a(n - 4)*a(n - 1) + 1450732398362333246*a(n - 4) - 405985400962523687*a(n - 3)**2 - 9102581589174365*a(n - 3)*a(n - 2) + 71567114840199*a(n - 3)*a(n - 1) - 4244036423426031890*a(n - 3) - 73380820839107*a(n - 2)**2 + 207080477*a(n - 2)*a(n - 1) + 367891146668910673*a(n - 2) - 65861*a(n - 1)**2 - 12494149647337042*a(n - 1) + 2957334332811867422"",",
A070939,,https://oeis.org/A070939,200,,,,,,,,
A074206,Kalmár's problem,https://oeis.org/A074206,200,exists?,a_n = [x^n] Sum_{k=1..n-1} a_k * x^k/(1 - x^k),,,,,,
A104725,complementing systems of subsets of [n-1].,https://oeis.org/A104725,200,hard,no,,,,,,
A226898,Hooley's Delta function,https://oeis.org/A226898,200,hard,no,,,,,,
A246655,Prime powers,https://oeis.org/A246655,200,hard,no,,,,,,
,,,Trivial:,,,,,,,,
,,,exists:,,,,,,,,
,,,hard:,,,,,,,,
,sum,,,,,,,,,,