A000004,A000008,A000012,A000027,A000032,A000034,A000035,A000042,A000044,A000045,A000051,A000064,A000071,A000073,A000078,A000079,A000096,A000100,A000102,A000115
(1),"(1,1,-1,0,1,-1,-1,1,0,1,-1,-1,1,0,-1,1,1,-1)",(1),"(2,-1)","(1,1)","(0,1)","(0,1)","(11,-10)","(1,1,0,0,0,0,0,0,0,0,0,0,-1)","(1,1)","(3,-2)","(2,0,-2,1,1,-2,0,2,-1,1,-2,0,2,-1,-1,2,0,-2,1)","(2,0,-1)","(1,1,1)","(1,1,1,1)",(2),"(3,-3,1)","(2,1,-1,-2,-1)","(2,1,0,-2,-3,-2,-1)","(1,1,-1,0,1,-1,-1,1)"
0,1,1,1,2,1,0,1,1,0,2,1,0,0,0,1,0,0,0,1
0,1,1,2,1,2,1,11,1,1,3,2,0,0,0,2,2,0,0,1
0,2,1,3,3,1,0,111,1,1,5,4,1,1,0,4,5,0,0,2
0,2,1,4,4,2,1,1111,2,2,9,6,2,1,1,8,9,1,0,2
0,3,1,5,7,1,0,11111,3,3,17,9,4,2,1,16,14,2,1,3
0,4,1,6,11,2,1,111111,5,5,33,13,7,4,2,32,20,5,2,4
0,5,1,7,18,1,0,1111111,8,8,65,18,12,7,4,64,27,11,5,5
0,6,1,8,29,2,1,11111111,13,13,129,24,20,13,8,128,35,23,12,6
0,7,1,9,47,1,0,111111111,21,21,257,31,33,24,15,256,44,47,27,7
0,8,1,10,76,2,1,1111111111,34,34,513,39,54,44,29,512,54,94,59,8
0,11,1,11,123,1,0,11111111111,55,55,1025,50,88,81,56,1024,65,185,127,10
0,12,1,12,199,2,1,111111111111,89,89,2049,62,143,149,108,2048,77,360,269,11
0,15,1,13,322,1,0,1111111111111,144,144,4097,77,232,274,208,4096,90,694,563,13
0,16,1,14,521,2,1,11111111111111,232,233,8193,93,376,504,401,8192,104,1328,1167,14
0,19,1,15,843,1,0,111111111111111,375,377,16385,112,609,927,773,16384,119,2526,2400,16
0,22,1,16,1364,2,1,1111111111111111,606,610,32769,134,986,1705,1490,32768,135,4781,4903,18
0,25,1,17,2207,1,0,11111111111111111,979,987,65537,159,1596,3136,2872,65536,152,9012,9960,20
0,28,1,18,3571,2,1,111111111111111111,1582,1597,131073,187,2583,5768,5536,131072,170,16929,20135,22
0,31,1,19,5778,1,0,1111111111111111111,2556,2584,262145,218,4180,10609,10671,262144,189,31709,40534,24
0,34,1,20,9349,2,1,11111111111111111111,4130,4181,524289,252,6764,19513,20569,524288,209,59247,81300,26
0,40,1,21,15127,1,0,111111111111111111111,6673,6765,1048577,292,10945,35890,39648,1048576,230,110469,162538,29
0,43,1,22,24476,2,1,1111111111111111111111,10782,10946,2097153,335,17710,66012,76424,2097152,252,205606,324020,31
0,49,1,23,39603,1,0,11111111111111111111111,17421,17711,4194305,384,28656,121415,147312,4194304,275,382087,644282,34
0,52,1,24,64079,2,1,111111111111111111111111,28148,28657,8388609,436,46367,223317,283953,8388608,299,709108,1278152,36
0,58,1,25,103682,1,0,1111111111111111111111111,45480,46368,16777217,494,75024,410744,547337,16777216,324,1314512,2530407,39
0,64,1,26,167761,2,1,11111111111111111111111111,73484,75025,33554433,558,121392,755476,1055026,33554432,350,2434364,5000178,42
0,70,1,27,271443,1,0,111111111111111111111111111,118732,121393,67108865,628,196417,1389537,2033628,67108864,377,4504352,9863763,45
0,76,1,28,439204,2,1,1111111111111111111111111111,191841,196418,134217729,704,317810,2555757,3919944,134217728,405,8328253,19427976,48
0,82,1,29,710647,1,0,11111111111111111111111111111,309967,317811,268435457,786,514228,4700770,7555935,268435456,434,15388362,38211861,51
0,88,1,30,1149851,2,1,111111111111111111111111111111,500829,514229,536870913,874,832039,8646064,14564533,536870912,464,28417385,75059535,54
0,98,1,31,1860498,1,0,1111111111111111111111111111111,809214,832040,1073741825,972,1346268,15902591,28074040,1073741824,495,52451811,147263905,58
0,104,1,32,3010349,2,1,11111111111111111111111111111111,1307487,1346269,2147483649,1076,2178308,29249425,54114452,2147483648,527,96771787,288609341,61
0,114,1,33,4870847,1,0,111111111111111111111111111111111,2112571,2178309,4294967297,1190,3524577,53798080,104308960,4294967296,560,178473023,565047233,65
0,120,1,34,7881196,2,1,1111111111111111111111111111111111,3413385,3524578,8589934593,1310,5702886,98950096,201061985,8589934592,594,329042890,1105229439,68
0,130,1,35,12752043,1,0,11111111111111111111111111111111111,5515174,5702887,17179869185,1440,9227464,181997601,387559437,17179869184,629,606466009,2159947998,72
0,140,1,36,20633239,2,1,111111111111111111111111111111111111,8911138,9227465,34359738369,1580,14930351,334745777,747044834,34359738368,665,1117506500,4217784107,76
0,150,1,37,33385282,1,0,1111111111111111111111111111111111111,14398164,14930352,68719476737,1730,24157816,615693474,1439975216,68719476736,702,2058718286,8230006378,80
0,160,1,38,54018521,2,1,11111111111111111111111111111111111111,23263822,24157817,137438953473,1890,39088168,1132436852,2775641472,137438953472,740,3791918260,16047713699,84
0,170,1,39,87403803,1,0,111111111111111111111111111111111111111,37588502,39088169,274877906945,2060,63245985,2082876103,5350220959,274877906944,779,6983073398,31271145656,88
0,180,1,40,141422324,2,1,1111111111111111111111111111111111111111,60733592,63245986,549755813889,2240,102334154,3831006429,10312882481,549755813888,819,12857867761,60899086692,92
0,195,1,41,228826127,1,0,11111111111111111111111111111111111111111,98130253,102334155,1099511627777,2435,165580140,7046319384,19878720128,1099511627776,860,23671947588,118530828528,97
0,205,1,42,370248451,2,1,111111111111111111111111111111111111111111,158553878,165580141,2199023255553,2640,267914295,12960201916,38317465040,2199023255552,902,43576134733,230579781004,101
0,220,1,43,599074578,1,0,1111111111111111111111111111111111111111111,256183302,267914296,4398046511105,2860,433494436,23837527729,73859288608,4398046511104,945,80208284237,448327161264,106
0,230,1,44,969323029,2,1,11111111111111111111111111111111111111111111,413927966,433494437,8796093022209,3090,701408732,43844049029,142368356257,8796093022208,989,147621946699,871297059404,110
0,245,1,45,1568397607,1,0,111111111111111111111111111111111111111111111,668803781,701408733,17592186044417,3335,1134903169,80641778674,274423830033,17592186044416,1034,271674279965,1692572357929,115
0,260,1,46,2537720636,2,1,1111111111111111111111111111111111111111111111,1080619176,1134903170,35184372088833,3595,1836311902,148323355432,528968939938,35184372088832,1080,499938005338,3286620408630,120
0,275,1,47,4106118243,1,0,11111111111111111111111111111111111111111111111,1746009572,1836311903,70368744177665,3870,2971215072,272809183135,1019620414836,70368744177664,1127,919935640735,6379458765901,125
0,290,1,48,6643838879,2,1,111111111111111111111111111111111111111111111111,2821113574,2971215073,140737488355329,4160,4807526975,501774317241,1965381541064,140737488355328,1175,1692682829208,12378271947296,130
0,305,1,49,10749957122,1,0,1111111111111111111111111111111111111111111111111,4558212008,4807526976,281474976710657,4465,7778742048,922906855808,3788394725871,281474976710656,1224,3114392787184,24009732662891,135
0,320,1,50,17393796001,2,1,11111111111111111111111111111111111111111111111111,7364927418,7778742049,562949953421313,4785,12586269024,1697490356184,7302365621709,562949953421312,1274,5729982472200,46555858101959,140
0,341,1,51,28143753123,1,0,111111111111111111111111111111111111111111111111111,11899875604,12586269025,1125899906842625,5126,20365011073,3122171529233,14075762303480,1125899906842624,1325,10541865615568,90246228333855,146
0,356,1,52,45537549124,2,1,1111111111111111111111111111111111111111111111111111,19227214520,20365011074,2251799813685249,5482,32951280098,5742568741225,27131904192124,2251799813685248,1377,19394019617001,174887581402185,151
0,377,1,53,73681302247,1,0,11111111111111111111111111111111111111111111111111111,31066356532,32951280099,4503599627370497,5859,53316291172,10562230626642,52298426843184,4503599627370496,1430,35678453973794,338821572030123,157
0,392,1,54,119218851371,2,1,111111111111111111111111111111111111111111111111111111,50195440799,53316291173,9007199254740993,6251,86267571271,19426970897100,100808458960497,9007199254740992,1484,65634704217437,656253808609347,162
0,413,1,55,192900153618,1,0,1111111111111111111111111111111111111111111111111111111,81103243453,86267571272,18014398509481985,6664,139583862444,35731770264967,194314552299285,18014398509481984,1539,120740129088331,1270771421002152,168
0,434,1,56,312119004989,2,1,11111111111111111111111111111111111111111111111111111111,131042500950,139583862445,36028797018963969,7098,225851433716,65720971788709,374553342295090,36028797018963968,1595,222106603570735,2460161353940907,174
0,455,1,57,505019158607,1,0,111111111111111111111111111111111111111111111111111111111,211731816437,225851433717,72057594037927937,7553,365435296161,120879712950776,721974780398056,72057594037927936,1652,408567704447775,4761739925847496,180
0,476,1,58,817138163596,2,1,1111111111111111111111111111111111111111111111111111111111,342105513606,365435296162,144115188075855873,8029,591286729878,222332455004452,1391651133952928,144115188075855872,1710,751554020969286,9214647481188611,186
0,497,1,59,1322157322203,1,0,11111111111111111111111111111111111111111111111111111111111,552756710867,591286729879,288230376151711745,8526,956722026040,408933139743937,2682493808945359,288230376151711744,1769,1382454180421513,17828199894929942,192
0,518,1,60,2139295485799,2,1,111111111111111111111111111111111111111111111111111111111111,893116214901,956722026041,576460752303423489,9044,1548008755919,752145307699165,5170673065591433,576460752303423488,1829,2542941341134736,34487081110911408,198
0,546,1,61,3461452808002,1,0,1111111111111111111111111111111111111111111111111111111111111,1443051812194,1548008755920,1152921504606846977,9590,2504730781960,1383410902447554,9966792788887776,1152921504606846976,1890,4677540829255414,66700601552621394,205
0,567,1,62,5600748293801,2,1,11111111111111111111111111111111111111111111111111111111111111,2331609815087,2504730781961,2305843009213693953,10157,4052739537880,2544489349890656,19211610797377496,2305843009213693952,1952,8603893072837704,128982675347350520,211
0,595,1,63,9062201101803,1,0,111111111111111111111111111111111111111111111111111111111111111,3767296699863,4052739537881,4611686018427387905,10752,6557470319841,4680045560037375,37031570460802064,4611686018427387904,2015,15825923251983774,249381968808260818,218
0,616,1,64,14662949395604,2,1,1111111111111111111111111111111111111111111111111111111111111111,6087006639346,6557470319842,9223372036854775809,11368,10610209857722,8607945812375585,71380647112658769,9223372036854775808,2079,29109861884858853,482096816169034796,224
0,644,1,65,23725150497407,1,0,11111111111111111111111111111111111111111111111111111111111111111,9835076124689,10610209857723,18446744073709551617,12012,17167680177564,15832480722303616,137590621159726105,18446744073709551616,2144,53543730949218212,931842107437304903,231
0,672,1,66,38388099893011,2,1,111111111111111111111111111111111111111111111111111111111111111111,15891016407503,17167680177565,36893488147419103233,12684,27777890035287,29120472094716576,265214449530564434,36893488147419103232,2210,98486073556380681,1800911513574326622,238
0,700,1,67,62113250390418,1,0,1111111111111111111111111111111111111111111111111111111111111111111,25675897091393,27777890035288,73786976294838206465,13384,44945570212852,53560898629395777,511217288263751372,73786976294838206464,2277,181150276600315469,3480064886711230755,245
0,728,1,68,100501350283429,2,1,11111111111111111111111111111111111111111111111111111111111111111111,41485810255443,44945570212853,147573952589676412929,14112,72723460248140,98513851446415969,985403006066700680,147573952589676412928,2345,333197248786091927,6724035795986613652,252
0,756,1,69,162614600673847,1,0,111111111111111111111111111111111111111111111111111111111111111111111,67030664845886,72723460248141,295147905179352825857,14868,117669030460993,181195222170528322,1899425365020742591,295147905179352825856,2414,612861376832823365,12990415202338871709,259
0,784,1,70,263115950957276,2,1,1111111111111111111111111111111111111111111111111111111111111111111111,108304743284892,117669030460994,590295810358705651713,15652,190392490709134,333269972246340068,3661260108881759077,590295810358705651712,2484,1127253847789443614,25093941250057458707,266
0,820,1,71,425730551631123,1,0,11111111111111111111111111111111111111111111111111111111111111111111111,174993302617172,190392490709135,1180591620717411303425,16472,308061521170128,612979045863284359,7057305768232953720,1180591620717411303424,2555,2073385196868607047,48469652357264703145,274
0,848,1,72,688846502588399,2,1,111111111111111111111111111111111111111111111111111111111111111111111111,282745289191197,308061521170129,2361183241434822606849,17320,498454011879263,1127444240280152749,13603394248202156068,2361183241434822606848,2627,3813618090521335020,93611314577893987281,281
0,884,1,73,1114577054219522,1,0,1111111111111111111111111111111111111111111111111111111111111111111111111,456845475593468,498454011879264,4722366482869645213697,18204,806515533049392,2073693258389777176,26221385490337611456,4722366482869645213696,2700,7014447527670094816,180778302433418305201,289
0,912,1,74,1803423556807921,2,1,11111111111111111111111111111111111111111111111111111111111111111111111111,738147712972471,806515533049393,9444732965739290427393,19116,1304969544928656,3814116544533214284,50543345615654480321,9444732965739290427392,2774,12901758876581207012,349080654858914607083,296
0,948,1,75,2918000611027443,1,0,111111111111111111111111111111111111111111111111111111111111111111111111111,1192661578750852,1304969544928657,18889465931478580854785,20064,2111485077978049,7015254043203144209,97425431122427201565,18889465931478580854784,2849,23730322948784516112,674013617485881379886,304
0,984,1,76,4721424167835364,2,1,1111111111111111111111111111111111111111111111111111111111111111111111111111,1927041995023460,2111485077978050,37778931862957161709569,21048,3416454622906706,12903063846126135669,187793556476621449410,37778931862957161709568,2925,43647335868568867333,1301298005900641493735,312
0,1020,1,77,7639424778862807,1,0,11111111111111111111111111111111111111111111111111111111111111111111111111111,3113616567134966,3416454622906707,75557863725914323419137,22068,5527939700884756,23732434433862494162,361983718705040742752,75557863725914323419136,3002,80280722663479519114,2512185834722058930114,320
0,1056,1,78,12360848946698171,2,1,111111111111111111111111111111111111111111111111111111111111111111111111111111,5030823486033737,5527939700884757,151115727451828646838273,23124,8944394323791463,43650752323191774040,697746051919743874048,151115727451828646838272,3080,147660492965910880609,4849481176813622546487,328
0,1092,1,79,20000273725560978,1,0,1111111111111111111111111111111111111111111111111111111111111111111111111111111,8128549036761200,8944394323791464,302231454903657293676545,24216,14472334024676220,80286250603180403871,1344948758223833267775,302231454903657293676544,3159,271591967952582173763,9360711069356066844384,336
0,1128,1,80,32361122672259149,2,1,11111111111111111111111111111111111111111111111111111111111111111111111111111111,13133696625703544,14472334024676221,604462909807314587353089,25344,23416728348467684,147669437360234672073,2592472085325239333985,604462909807314587353088,3239,499538711521673458243,18067326839115581588760,344
0,1173,1,81,52361396397820127,1,0,111111111111111111111111111111111111111111111111111111111111111111111111111111111,21220759852209301,23416728348467685,1208925819614629174706177,26517,37889062373143905,271606440286606849984,4997150614173857218560,1208925819614629174706176,3320,918800116834490304079,34869991170610510313616,353
0,1209,1,82,84722519070079276,2,1,1111111111111111111111111111111111111111111111111111111111111111111111111111111111,34287425813066959,37889062373143906,2417851639229258349412353,27726,61305790721611590,499562128250021925928,9632317509642673694368,2417851639229258349412352,3402,1689945268642770612306,67295179693256015965320,361
0,1254,1,83,137083915467899403,1,0,11111111111111111111111111111111111111111111111111111111111111111111111111111111111,55399880921991368,61305790721611591,4835703278458516698824705,28980,99194853094755496,918838005896863447985,18566888967365603514688,4835703278458516698824704,3485,3108307513727282842313,129864815212624781562064,370
0,1290,1,84,221806434537978679,2,1,111111111111111111111111111111111111111111111111111111111111111111111111111111111111,89512313432441155,99194853094755497,9671406556917033397649409,30270,160500643816367087,1690006574433492223897,35788829176507373761601,9671406556917033397649408,3569,5717090788266916902604,250596875043856911355688,378
0,1335,1,85,358890350005878082,1,0,1111111111111111111111111111111111111111111111111111111111111111111111111111111111111,144629449065241326,160500643816367088,19342813113834066795298817,31605,259695496911122584,3108406708580377597810,68985186267689508189217,19342813113834066795298816,3654,10515404876427691968814,483545699126245082644673,387
0,1380,1,86,580696784543856761,2,1,11111111111111111111111111111111111111111111111111111111111111111111111111111111111111,233684917022089013,259695496911122585,38685626227668133590597633,32985,420196140727489672,5717251288910733269692,132973221921205159159874,38685626227668133590597632,3740,19340902373274986469228,932992575650416283751642,396
0,1425,1,87,939587134549734843,1,0,111111111111111111111111111111111111111111111111111111111111111111111111111111111111111,377576218374357868,420196140727489673,77371252455336267181195265,34410,679891637638612257,10515664571924603091399,256314126332767644625380,77371252455336267181195264,3827,35573558538613411707734,1800108371741723436911877,405
0,1470,1,88,1520283919093591604,2,1,1111111111111111111111111111111111111111111111111111111111111111111111111111111111111111,610068473817696029,679891637638612258,154742504910672534362390529,35880,1100087778366101930,19341322569415713958901,494061363698169685736072,154742504910672534362390528,3915,65430125483813001268361,3472960772851152447933572,414
0,1515,1,89,2459871053643326447,1,0,11111111111111111111111111111111111111111111111111111111111111111111111111111111111111111,985717650197030437,1100087778366101931,309485009821345068724781057,37395,1779979416004714188,35574238430251050319992,952333898219831997710543,309485009821345068724781056,4004,120345006591842126934996,6700123083941461854333163,423
0,1560,1,90,3980154972736918051,2,1,111111111111111111111111111111111111111111111111111111111111111111111111111111111111111111,1592672507447591500,1779979416004714189,618970019642690137449562113,38955,2880067194370816119,65431225571591367370292,1835682610171974487231869,618970019642690137449562112,4094,221349370505906178523349,12925526126754169736889155,432
0,1615,1,91,6440026026380244498,1,0,1111111111111111111111111111111111111111111111111111111111111111111111111111111111111111111,2573359334158588200,2880067194370816120,1237940039285380274899124225,40570,4660046610375530308,120346786571258131649185,3538391998422743815303864,1237940039285380274899124224,4185,407125602669339672828637,24934292593718758526387759,442
0,1660,1,92,10420180999117162549,2,1,11111111111111111111111111111111111111111111111111111111111111111111111111111111111111111111,4157903292569418500,4660046610375530309,2475880078570760549798248449,42230,7540113804746346428,221352250573100549339469,6820469870512719985982348,2475880078570760549798248448,4277,748821759746503983001171,48098333802837133932913941,451
0,1715,1,93,16860207025497407047,1,0,111111111111111111111111111111111111111111111111111111111111111111111111111111111111111111111,6718128930102303156,7540113804746346429,4951760157141521099596496897,43945,12200160415121876737,407130262715950048358946,13146878377327270286228624,4951760157141521099596496896,4370,1377299612988944205169277,92778622393822782182173203,461
0,1760,1,94,27280388024614569596,2,1,1111111111111111111111111111111111111111111111111111111111111111111111111111111111111111111111,10854811462819512355,12200160415121876738,9903520314283042199192993793,45705,19740274219868223166,748829299860308729347600,25341422856434708574746705,9903520314283042199192993792,4464,2533251635451398236529394,178958127167705944927703527,470
0,1815,1,95,44140595050111976643,1,0,11111111111111111111111111111111111111111111111111111111111111111111111111111111111111111111111,17538652967108748552,19740274219868223167,19807040628566084398385987585,47520,31940434634990099904,1377311813149359327046015,48847163102697442662261541,19807040628566084398385987584,4559,4659380548300651171046271,345176506220800569617537376,480
0,1870,1,96,71420983074726546239,2,1,111111111111111111111111111111111111111111111111111111111111111111111111111111111111111111111111,28338064549006269539,31940434634990099905,39614081257132168796771975169,49390,51680708854858323071,2533271375725618104752561,94155934206972141509219218,39614081257132168796771975168,4655,8569943996901408734621680,665760418885026739389675647,490
0,1925,1,97,115561578124838522882,1,0,1111111111111111111111111111111111111111111111111111111111111111111111111111111111111111111111111,45787205202682576936,51680708854858323072,79228162514264337593543950337,51315,83621143489848422976,4659412488735286161146176,181491398543431563032456088,79228162514264337593543950336,4752,15762595920927678010420512,1284050986480505395444135768,500
0,1980,1,98,186982561199565069121,2,1,11111111111111111111111111111111111111111111111111111111111111111111111111111111111111111111111111,73980640302623605149,83621143489848422977,158456325028528675187087900673,53295,135301852344706746048,8569995677610263592944752,349835918709535855778683552,158456325028528675187087900672,4850,28991952406564372906188368,2476479310129764267483804879,510
0,2035,1,99,302544139324403592003,1,0,111111111111111111111111111111111111111111111111111111111111111111111111111111111111111111111111111,119534160588284093072,135301852344706746049,316912650057057350374175801345,55330,218922995834555169025,15762679542071167858843489,674330414562637002982620399,316912650057057350374175801344,4949,53324544005102314509553632,4776126634204832258096299846,520
0,2090,1,100,489526700523968661124,2,1,1111111111111111111111111111111111111111111111111111111111111111111111111111111111111111111111111111,193137224672533340353,218922995834555169026,633825300114114700748351602689,57420,354224848179261915074,28992087708416717612934417,1299813666022576563302979257,633825300114114700748351602688,5049,98079175953737855274585489,9210987345377738924006860892,530
0,2156,1,101,792070839848372253127,1,0,11111111111111111111111111111111111111111111111111111111111111111111111111111111111111111111111111111,312061316786999737396,354224848179261915075,1267650600228229401496703205377,59576,573147844013817084100,53324762928098149064722658,2505471397838180985096739296,1267650600228229401496703205376,5150,180395807667256887397073538,17763406955734912012889944874,541
0,2211,1,102,1281597540372340914251,2,1,111111111111111111111111111111111111111111111111111111111111111111111111111111111111111111111111111111,504212823809336047312,573147844013817084101,,61787,927372692193078999175,98079530178586034536500564,4829451397132930407161022504,2535301200456458802993406410752,5252,331799746549092891736381685,34255992333155664180089844908,551
0,2277,1,103,2073668380220713167378,1,0,1111111111111111111111111111111111111111111111111111111111111111111111111111111111111111111111111111111,814681468088888193208,927372692193078999176,,64064,1500520536206896083276,180396380815100901214157639,9309066875556324958543361456,5070602400912917605986812821504,5355,610275084394935813669955787,66059838031401245524147673178,562
0,2332,1,104,3355265920593054081629,2,1,11111111111111111111111111111111111111111111111111111111111111111111111111111111111111111111111111111111,1316320932564065652320,1500520536206896083277,,66396,2427893228399975082452,331800673921785084815380861,17943803336550012914104102513,10141204801825835211973625643008,5459,1122471211759129606620495111,127388304195848146675670824416,572
0,2398,1,105,5428934300813767249007,1,0,111111111111111111111111111111111111111111111111111111111111111111111111111111111111111111111111111111111,2126844497360384427028,2427893228399975082453,,68794,3928413764606871165729,610276584915472020566039064,34587793007077449264905225769,20282409603651670423947251286016,5564,2064546970075850505105831759,245647937896955069294012445015,583
0,2464,1,106,8784200221406821330636,2,1,1111111111111111111111111111111111111111111111111111111111111111111111111111111111111111111111111111111111,3436447300994347776192,3928413764606871165730,,71258,6356306993006846248182,1122473639652358006595577564,66670114616316717544713712242,40564819207303340847894502572032,5670,3797294766750452132292365934,473683873131281910758736168378,594
0,2530,1,107,14213134522220588579643,1,0,11111111111111111111111111111111111111111111111111111111111111111111111111111111111111111111111111111111111,5552436986891912690865,6356306993006846248183,,73788,10284720757613717413912,2064550898489615111976997489,128510777835500504682266401980,81129638414606681695789005144064,5777,6984315376478660643993775257,913390229840401844273133150051,605
0,2596,1,108,22997334743627409910279,2,1,111111111111111111111111111111111111111111111111111111111111111111111111111111111111111111111111111111111111,8971345634919151718505,10284720757613717413913,,76384,16641027750620563662095,3797301123057445139138614117,247712488795444684405989442504,162259276829213363391578010288128,5885,12846161041718727888263138680,1761232818704139329008148165424,616
0,2662,1,109,37210469265847998489922,1,0,1111111111111111111111111111111111111111111111111111111111111111111111111111111111111111111111111111111111111,14495444557262058139831,16641027750620563662096,,79046,26925748508234281076008,6984325661199418257711189170,477481174254339355897874782495,324518553658426726783156020576256,5994,23627777541254833671395528054,3396019410471267768446006926357,627
0,2728,1,110,60207804009475408400201,2,1,11111111111111111111111111111111111111111111111111111111111111111111111111111111111111111111111111111111111111,23421002986978527281400,26925748508234281076009,,81774,43566776258854844738104,12846177682746478508826800776,920374555501601262530844339221,649037107316853453566312041152512,6104,43458264244172979817369855904,6548123633270148297625163024327,638
0,2806,1,111,97418273275323406890123,1,0,111111111111111111111111111111111111111111111111111111111111111111111111111111111111111111111111111111111111111,37842466903937961816082,43566776258854844738105,,84580,70492524767089125814113,23627804467003341905676604063,1774078996386885807516974966200,1298074214633706907132624082305024,6215,79932219468174291997592184734,12625750417947156657610162455329,650
0,2872,1,112,157626077284798815290324,2,1,1111111111111111111111111111111111111111111111111111111111111111111111111111111111111111111111111111111111111111,61143935730328205004410,70492524767089125814114,,87452,114059301025943970552218,43458307810949238672214594009,3419647214938271110351683530420,2596148429267413814265248164610048,6327,147018288179350613720638644701,24343972458075458531198307372213,661
0,2950,1,113,255044350560122222180447,1,0,11111111111111111111111111111111111111111111111111111111111111111111111111111111111111111111111111111111111111111,98793265409593633480139,114059301025943970552219,,90402,184551825793033096366332,79932289960699059086717998848,6591581941081097536297377618336,5192296858534827628530496329220096,6440,270408815458474144390445423444,46937493724231034596785316382289,673
0,3016,1,114,412670427844921037470771,2,1,111111111111111111111111111111111111111111111111111111111111111111111111111111111111111111111111111111111111111111,159625139823134838747153,184551825793033096366333,,93418,298611126818977066918551,147018402238651639664609196920,12705682707907855716696880454177,10384593717069655257060992658440192,6554,497359393598523817197802066993,90498798541334747321891163828167,684
0,3094,1,115,667714778405043259651218,1,0,1111111111111111111111111111111111111111111111111111111111111111111111111111111111111111111111111111111111111111111,257914192408919136179980,298611126818977066918552,,96512,483162952612010163284884,270409000010299937423541789777,24490990860314110170862916569133,20769187434139310514121985316880384,6669,914786611295649601252856687357,174485947431549096166571668036846,696
0,3172,1,116,1080385206249964297121989,2,1,11111111111111111111111111111111111111111111111111111111111111111111111111111111111111111111111111111111111111111111,416724650763965086733925,483162952612010163284885,,99684,781774079430987230203436,497359692209650636174868985545,47207902724241334534208858172066,41538374868278621028243970633760768,6785,1682555004904473355874200544127,336413230557428988256111064816435,708
0,3250,1,117,1748099984655007556773207,1,0,111111111111111111111111111111111111111111111111111111111111111111111111111111111111111111111111111111111111111111111,673322522240320157261585,781774079430987230203437,,102934,1264937032042997393488321,914787094458602213263019972242,90996158233544397958066032813712,83076749736557242056487941267521536,6902,3094701308409773593301926217029,648605879254554166278782754853514,720
0,3328,1,118,2828485190904971853895196,2,1,1111111111111111111111111111111111111111111111111111111111111111111111111111111111111111111111111111111111111111111111,1087920328506924859568482,1264937032042997393488322,,106262,2046711111473984623691758,1682555786678552786861430747564,175400734526007698379834688009088,166153499473114484112975882535043072,7020,5692043407772849162439146733398,1250501215477076648659531520520507,732
0,3406,1,119,4576585175559979410668403,1,0,11111111111111111111111111111111111111111111111111111111111111111111111111111111111111111111111111111111111111111111111,1757806403446250669053875,2046711111473984623691759,,109668,3311648143516982017180080,3094702573346805636299319705351,338095786344107541042972495563999,332306998946228968225951765070086144,7139,10469300502861175542602503697991,2410921059815067501574260028199544,744
0,3484,1,120,7405070366464951264563599,2,1,111111111111111111111111111111111111111111111111111111111111111111111111111111111111111111111111111111111111111111111111,2840174294966283615931492,3311648143516982017180081,,113152,5358359254990966640871839,5692045454483960636423770425157,651700581827900971915082074558865,664613997892457936451903530140172288,7259,19256046483980830341340970136740,4648123940890805857555546799137564,756
0,3575,1,121,11981655542024930675232002,1,0,1111111111111111111111111111111111111111111111111111111111111111111111111111111111111111111111111111111111111111111111111,4589009352777615133266862,5358359254990966640871840,,116727,8670007398507948658051920,10469303814509319059584520878072,1256193260931560609295955290945664,1329227995784915872903807060280344576,7380,35417392441325966520367244259888,8961246798010850979704420422416480,769
0,3653,1,122,19386725908489881939795601,2,1,11111111111111111111111111111111111111111111111111111111111111111111111111111111111111111111111111111111111111111111111111,7414688203186636691058523,8670007398507948658051921,,120380,14028366653498915298923760,19256051842340085332307611008580,2421390363629576820633844549077616,2658455991569831745807614120560689152,7502,65142742739816115921292735274700,17276485059648284948130182540699252,781
0,3744,1,123,31368381450514812615027603,1,0,111111111111111111111111111111111111111111111111111111111111111111111111111111111111111111111111111111111111111111111111111,11980276552977273297043985,14028366653498915298923761,,124124,22698374052006863956975681,35417401111333365028315902311809,4667379992733145942887854410146144,5316911983139663491615228241121378304,7625,119816187023482167773967590543168,33307246162179518606023994311330912,794
0,3822,1,124,50755107359004694554823204,2,1,1111111111111111111111111111111111111111111111111111111111111111111111111111111111111111111111111111111111111111111111111111,19357122289259972026286426,22698374052006863956975682,,127946,36726740705505779255899442,65142756768182769420208034198461,8996664199122184344732736324728289,10633823966279326983230456482242756608,7749,220376330874631648723576228129677,64212358012571800476746451684592788,806
0,3913,1,125,82123488809519507169850807,1,0,11111111111111111111111111111111111111111111111111111111111111111111111111111111111111111111111111111111111111111111111111111,31276254906506917118326001,36726740705505779255899443,,131859,59425114757512643212875124,119816209721856219780831547518850,17341627816416467717550390574897713,21267647932558653966460912964485513216,7874,405335274666296585917751852871306,123792753433521788375633364861351241,819
0,4004,1,126,132878596168524201724674011,2,1,111111111111111111111111111111111111111111111111111111111111111111111111111111111111111111111111111111111111111111111111111111,50534583930357295511132288,59425114757512643212875125,,135863,96151855463018422468774567,220376367601372354229355484029120,33427062371901374825804825858849762,42535295865117307932921825928971026432,8000,745527815262784454422159628519833,238653985424689575175954201432172654,832
0,4095,1,127,215002084978043708894524818,1,0,1111111111111111111111111111111111111111111111111111111111111111111111111111111111111111111111111111111111111111111111111111111,81651213697041077790711136,96151855463018422468774568,,139958,155576970220531065681649692,405335334091411343430395065746431,64432734380173172830975807168621908,85070591730234615865843651857942052864,8127,1371239457530453394569266965420259,460086159242684538854138843836966445,845
0,4186,1,128,347880681146567910619198829,2,1,11111111111111111111111111111111111111111111111111111111111111111111111111111111111111111111111111111111111111111111111111111111,131927883434989454165663444,155576970220531065681649693,,144144,251728825683549488150424260,745527911414639917440582097294401,124198088767613199719063759927097672,170141183460469231731687303715884105728,8255,2522102606884649192421821659686523,886965632481069075236702217299112248,858
0,4277,1,129,562882766124611619513723647,1,0,111111111111111111111111111111111111111111111111111111111111111111111111111111111111111111111111111111111111111111111111111111111,213162372481266566869640655,251728825683549488150424261,,148421,407305795904080553832073953,1371239613107423615100332647069952,239399513336104215093394783529467055,340282366920938463463374607431768211456,8384,4638869975829742504431670722401183,1709903865916056388985859022495349019,871
0,4368,1,130,910763447271179530132922476,2,1,1111111111111111111111111111111111111111111111111111111111111111111111111111111111111111111111111111111111111111111111111111111111,344416933394015700878042514,407305795904080553832073954,,152789,659034621587630041982498214,2522102858613474875971309810110784,461457398855791962469239176484036397,680564733841876926926749214863536422912,8514,8532212195821815311953825029157658,3296355170975914218170094867160894767,884
0,4473,1,131,1473646213395791149646646123,1,0,11111111111111111111111111111111111111111111111111111111111111111111111111111111111111111111111111111111111111111111111111111111111,556491385546775342888114687,659034621587630041982498215,,157262,1066340417491710595814572168,4638870383135538408512224554475137,889487735339682550112673527109223032,1361129467683753853853498429727072845824,8645,15693185030265032692356805561669625,6354682068228831644861895283439392431,898
0,4564,1,132,2384409660666970679779568599,2,1,111111111111111111111111111111111111111111111111111111111111111111111111111111111111111111111111111111111111111111111111111111111111,899150512537344793097103326,1066340417491710595814572169,,161826,1725375039079340637797070383,8532212854856436899583867011655873,1714542736299191927394371247049824156,2722258935367507707706996859454145691648,8777,28864267609222386412822855145302420,12250428840460484802130522700204859249,911
0,4669,1,133,3858055874062761829426214722,1,0,1111111111111111111111111111111111111111111111111111111111111111111111111111111111111111111111111111111111111111111111111111111111111,1452801723789153852369286521,1725375039079340637797070384,,166495,2791715456571051233611642552,15693186096605450184067401376241794,3304887383830770655069678734172550640,5444517870735015415413993718908291383296,8910,53089665494343856004763527718627918,23616008815964422592556884097854970603,925
0,4760,1,134,6242465534729732509205783321,2,1,11111111111111111111111111111111111111111111111111111111111111111111111111111111111111111111111111111111111111111111111111111111111111,2347363226973721030333122985,2791715456571051233611642553,,171255,4517090495650391871408712936,28864269334597425492163492942372804,6370375254325437095045962684815634225,10889035741470030830827987437816582766592,9044,97647119200171692601653784240172132,45526007108484509694618980815671772923,938
0,4865,1,135,10100521408792494338631998043,1,0,111111111111111111111111111111111111111111111111111111111111111111111111111111111111111111111111111111111111111111111111111111111111111,3792750262559688246011350983,4517090495650391871408712937,,176120,7308805952221443105020355489,53089668286059312575814761330270471,12279293109795082227622686193147232053,21778071482940061661655974875633165533184,9179,179601054029112974098580804901172854,87762820019234854184352350298547237000,952
0,4970,1,136,16342986943522226847837781364,2,1,1111111111111111111111111111111111111111111111111111111111111111111111111111111111111111111111111111111111111111111111111111111111111111,6128133212980432003047429983,7308805952221443105020355490,,181090,11825896447871834976429068426,97647123717262188252045655648885069,23669098484250481905132698859185241074,43556142965880123323311949751266331066368,9315,330337841515343979276049350471615457,169184129053478868699150901405221212579,966
0,5075,1,137,26443508352314721186469779407,1,0,11111111111111111111111111111111111111111111111111111111111111111111111111111111111111111111111111111111111111111111111111111111111111111,9901526353250860277032494540,11825896447871834976429068427,,186165,19134702400093278081449423916,179601061337918926320023909921528344,45623654232201771882871026471320657992,87112285931760246646623899502532662132736,9452,607586019261719141626675811021673380,326142054665448714483254931378625463576,980
0,5180,1,138,42786495295836948034307560771,2,1,111111111111111111111111111111111111111111111111111111111111111111111111111111111111111111111111111111111111111111111111111111111111111111,15998383311324785362961598522,19134702400093278081449423917,,191345,30960598847965113057878492343,330337853341240427147884326900683884,87942421080572773110672374208468765344,174224571863520493293247799005065324265472,9590,1117524922114982047222749071414817181,628712657970364209249629209553714571147,994
0,5285,1,139,69230003648151669220777340178,1,0,1111111111111111111111111111111111111111111111111111111111111111111111111111111111111111111111111111111111111111111111111111111111111111111,25849375080645288344482960774,30960598847965113057878492344,,196630,50095301248058391139327916260,607586038396421541719953892471097297,169514466906820109126298785732121896463,348449143727040986586495598010130648530944,9729,2055448794717941615997309209337174445,1211981262769864565542707416546030012646,1008
0,5390,1,140,112016498943988617255084900949,2,1,11111111111111111111111111111111111111111111111111111111111111111111111111111111111111111111111111111111111111111111111111111111111111111111,41766107178273032629653848160,50095301248058391139327916261,,202020,81055900096023504197206408604,1117524953075580895187862129293309525,326749640703845136024974885271096560873,696898287454081973172991196020261297061888,9869,3780559755229345204940012173223088923,2336350442312497598401890343210491943832,1022
0,5510,1,141,181246502592140286475862241127,1,0,111111111111111111111111111111111111111111111111111111111111111111111111111111111111111111111111111111111111111111111111111111111111111111111,67483554375483331519971145490,81055900096023504197206408605,,207530,131151201344081895336534324865,2055448844813242864055700348665090706,629830182923439790144817071683007880672,1393796574908163946345982392040522594123776,10010,6953533503022867716125183511853572893,4503794003756571509219201854581333088498,1037
0,5615,1,142,293263001536128903730947142076,2,1,1111111111111111111111111111111111111111111111111111111111111111111111111111111111111111111111111111111111111111111111111111111111111111111111,109036499181275097582755352995,131151201344081895336534324866,,213145,212207101440105399533740733470,3780559836285245300963516370429497528,1214036711614677808406763116894695103352,2787593149816327892691964784081045188247552,10152,12789542103065455785120896033741752522,8681955891762373463308616686020862925648,1051
0,5735,1,143,474509504128269190206809383203,1,0,11111111111111111111111111111111111111111111111111111111111111111111111111111111111111111111111111111111111111111111111111111111111111111111111,176175636623364413401848455971,212207101440105399533740733471,,218880,343358302784187294870275058336,6953533634174069060207078848387897759,2340131002148782843702853859580921441360,5575186299632655785383929568162090376495104,10295,23523635442373568802209595916024822943,16736137049446120379336472000707383061330,1066
0,5840,1,144,767772505664398093937756525279,2,1,111111111111111111111111111111111111111111111111111111111111111111111111111111111111111111111111111111111111111111111111111111111111111111111111,284655644419092735641715694279,343358302784187294870275058337,,224720,555565404224292694404015791807,12789542315272557225226295567482485993,4510747537390745578279408933429720986257,11150372599265311570767859136324180752990208,10439,43266711179613093647537570798154473224,32262017947113848195567144400890500516836,1080
0,5960,1,145,1242282009792667284144565908482,1,0,1111111111111111111111111111111111111111111111111111111111111111111111111111111111111111111111111111111111111111111111111111111111111111111111111,459932130529919804250467046924,555565404224292694404015791808,,230680,898923707008479989274290850144,23523635785731871586396890786299881280,8694745434077646020533842981588345411641,22300745198530623141535718272648361505980416,10584,79579888937259219674973462281661782160,62190858425713087616491642021048467490071,1095
0,6080,1,146,2010054515457065378082322433761,2,1,11111111111111111111111111111111111111111111111111111111111111111111111111111111111111111111111111111111111111111111111111111111111111111111111111,743134973225223386039813454682,898923707008479989274290850145,,236760,1454489111232772683678306641952,43266711735178497871830265202170265032,16759660685231852250922868891493682942610,44601490397061246283071436545296723011960832,10730,146370235902604184908907923866116136664,119883758856350702211929101404234696479878,1110
0,6200,1,147,3252336525249732662226888342243,1,0,111111111111111111111111111111111111111111111111111111111111111111111111111111111111111111111111111111111111111111111111111111111111111111111111111,1200719740528169469259947378621,1454489111232772683678306641953,,242960,2353412818241252672952597492097,79579889836182926683453451555952632305,32305284658849026693438974666092670781868,89202980794122492566142873090593446023921664,10877,269216836575041902455711651349948183856,231096295914409490274910756717667347429395,1125
0,6320,1,148,5262391040706798040309210776004,2,1,1111111111111111111111111111111111111111111111111111111111111111111111111111111111111111111111111111111111111111111111111111111111111111111111111111,1940061963490833167053749482320,2353412818241252672952597492098,,249280,3807901929474025356630904134050,146370237357093296141680607544422778617,62270438315549270543175095472604420122376,178405961588244985132285746181186892047843328,11025,495166962313829014048073026772016952825,445476197855322306796770474809043182181212,1140
0,6440,1,149,8514727565956530702536099118247,1,0,11111111111111111111111111111111111111111111111111111111111111111111111111111111111111111111111111111111111111111111111111111111111111111111111111111,3134653570806022204310649430958,3807901929474025356630904134051,,255720,6161314747715278029583501626148,269216838928454720696964324302545675954,120030129093707795508070782011779119258495,356811923176489970264571492362373784095686656,11174,910754036245964212645465285666387915298,858726690941631769826785428403549646212861,1155
0,6560,1,150,13777118606663328742845309894251,2,1,111111111111111111111111111111111111111111111111111111111111111111111111111111111111111111111111111111111111111111111111111111111111111111111111111111,5064814007943604511087366418738,6161314747715278029583501626149,,262280,9969216677189303386214405760199,495166966121730943522098383402921086876,231365512753337944995607721041969893105349,713623846352979940529142984724747568191373312,11324,1675137837488247947390502636740950544077,1655329313805071362406537441942039295081963,1170
0,6696,1,151,22291846172619859445381409012498,1,0,1111111111111111111111111111111111111111111111111111111111111111111111111111111111111111111111111111111111111111111111111111111111111111111111111111111,8183469195438301930035054251174,9969216677189303386214405760200,,268976,16130531424904581415797907386348,910754042407278960360743315249889541447,445971364821444037740292573192446103268088,1427247692705959881058285969449495136382746624,11475,3081058839855943103558066305810259546251,3190897715355363384025701066196602016581385,1186
0,6816,1,152,36068964779283188188226718906749,2,1,11111111111111111111111111111111111111111111111111111111111111111111111111111111111111111111111111111111111111111111111111111111111111111111111111111111,13222433828301261152777937709138,16130531424904581415797907386349,,275792,26099748102093884802012313146548,1675137847457464624579806022955356304277,859637444984039048787146171718799535754308,2854495385411919762116571938898990272765493248,11627,5666950719751470011309312257801099631775,6150925084923510553999316509734637061144297,1201
0,6952,1,153,58360810951903047633608127919247,1,0,111111111111111111111111111111111111111111111111111111111111111111111111111111111111111111111111111111111111111111111111111111111111111111111111111111111,21364136916561290050183338112152,26099748102093884802012313146549,,282744,42230279526998466217810220532897,3081058855986474528462647721608166932600,1657004451652528827031117247964994651386240,5708990770823839524233143877797980545530986496,11780,10423147407064877739447184586566715482303,11856789559067984349218701189592077908561953,1217
0,7072,1,154,94429775731186235821834846825996,2,1,1111111111111111111111111111111111111111111111111111111111111111111111111111111111111111111111111111111111111111111111111111111111111111111111111111111111,34519087190487067871441304675800,42230279526998466217810220532898,,289816,68330027629092351019822533679446,5666950745851218113403197059813412778324,3193978774211349858554163713918210183513985,11417981541647679048466287755595961091061972992,11934,19171156982802822279219144565975982046678,22855616810999387114274836013488311637673875,1232
0,7208,1,155,152790586683089283455442974745243,1,0,11111111111111111111111111111111111111111111111111111111111111111111111111111111111111111111111111111111111111111111111111111111111111111111111111111111111,55774187607867082824041887434957,68330027629092351019822533679447,,297024,110560307156090817237632754212344,10423147449295157266445650804376936015201,6156592035669361772112719706794450473922621,22835963083295358096932575511191922182123945984,12089,35261255135718918132069526212356110307305,44057310229202231876047017426733236790894110,1248
0,7344,1,156,247220362414275519277277821571239,2,1,111111111111111111111111111111111111111111111111111111111111111111111111111111111111111111111111111111111111111111111111111111111111111111111111111111111111,90117099161730786282081343654786,110560307156090817237632754212345,,304368,178890334785183168257455287891791,19171157051132849908311495585798515726125,11867212706517279506485146840396454844577154,45671926166590716193865151022383844364247891968,12245,64855559567816897677734321582709028369184,84926308634938965111653274336608076811052559,1264
0,7480,1,157,400010949097364802732720796316482,1,0,1111111111111111111111111111111111111111111111111111111111111111111111111111111111111111111111111111111111111111111111111111111111111111111111111111111111111,145606631125178776370481515395464,178890334785183168257455287891792,,311848,289450641941273985495088042104136,35261255246279225288160343449988864519650,22874787968050519964183147509074110153400000,91343852333181432387730302044767688728495783936,12402,119287971754668665718115343380863654402614,163706448381657863608460274617226080084197698,1280
0,7616,1,158,647231311511640322009998617887721,2,1,11111111111111111111111111111111111111111111111111111111111111111111111111111111111111111111111111111111111111111111111111111111111111111111111111111111111111,235263798156379642848312392003326,289450641941273985495088042104137,,319464,468340976726457153752543329995928,64855559746707232462917489840164316260976,44092571484448511101335177770183225655413760,182687704666362864775460604089535377456991567872,12560,219404786568764788684010008413561547291448,315564855213849580560343713889641503839544367,1296
0,7752,1,159,1047242260609005124742719414204203,1,0,111111111111111111111111111111111111111111111111111111111111111111111111111111111111111111111111111111111111111111111111111111111111111111111111111111111111111,380127294308333195832754093944108,468340976726457153752543329995929,,327216,757791618667731139247631372100065,119287972044119307659389328875951696506751,84991164194685672344116191826448241127313535,365375409332725729550921208179070754913983135744,12719,403548318070140686865042841634589517955038,608290183714894920381792440613658886390208384,1312
0,7888,1,160,1694473572120645446752718032091924,2,1,1111111111111111111111111111111111111111111111111111111111111111111111111111111111111111111111111111111111111111111111111111111111111111111111111111111111111111,614190372724184669211806538568813,757791618667731139247631372100066,,335104,1226132595394188293000174702095994,219404787037105765410467162166104877287377,163825736353701982916119663946102031780704449,730750818665451459101842416358141509827966271488,12879,742241076683024783208442178924102761753237,1172552651505088036894712620946974711441263984,1328
0,8041,1,161,2741715832729650571495437446296127,1,0,11111111111111111111111111111111111111111111111111111111111111111111111111111111111111111111111111111111111111111111111111111111111111111111111111111111111111111,992377605069027031877506883030601,1226132595394188293000174702095995,,343145,1983924214061919432247806074196060,403548318827932305532773980882220890055104,315784260000886686325754181051807608716831744,1461501637330902918203684832716283019655932542976,13040,1365194181790271235483952182724797156995652,2260233426787534520752968439396377133451721184,1345
0,8177,1,162,4436189404850296018248155478388051,2,1,111111111111111111111111111111111111111111111111111111111111111111111111111111111111111111111111111111111111111111111111111111111111111111111111111111111111111111,1603433324222405678885002772168456,1983924214061919432247806074196061,,351322,3210056809456107725247980776292055,742241077909157378602630471924277463849232,608693732033722852687325214594541107280263488,2923003274661805836407369665432566039311865085952,13202,2510983577301228324225168342531120808803993,4356860522008404164355227682008818340000025296,1361
0,8330,1,163,7177905237579946589743592924684178,1,0,1111111111111111111111111111111111111111111111111111111111111111111111111111111111111111111111111111111111111111111111111111111111111111111111111111111111111111111,2590746115283489106251422288780319,3210056809456107725247980776292056,,359652,5193981023518027157495786850488116,1365194183774195449545871614972603231191713,1173294892582997194273315251418898988905113216,5846006549323611672814739330865132078623730171904,13365,4618418837000656938311750997180195429648877,8398340332334749574690233956946711292173273952,1378
0,8466,1,164,11614094642430242607991748403072229,2,1,11111111111111111111111111111111111111111111111111111111111111111111111111111111111111111111111111111111111111111111111111111111111111111111111111111111111111111111,4185995970310456483206390006697601,5193981023518027157495786850488117,,368118,8404037832974134882743767626780172,2510983580511285133681276067779101585096049,2261598620971308716202514311011349736682912897,11692013098647223345629478661730264157247460343808,13529,8494596598076080712082790954683919469644583,16188729173713685454071745329770805754530133648,1394
0,8619,1,165,18791999880010189197735341327756407,1,0,111111111111111111111111111111111111111111111111111111111111111111111111111111111111111111111111111111111111111111111111111111111111111111111111111111111111111111111,6763519651765644328305034357768782,8404037832974134882743767626780173,,376737,13598018856492162040239554477268289,4618418842194637961829778154675982280136994,4359371505588915449488908958076597441585121345,23384026197294446691258957323460528314494920687616,13694,15623999015588022784075818019643216484389509,31205528649028147909319721279737685123386345793,1411
0,8772,1,166,30406094522440431805727089730828636,2,1,1111111111111111111111111111111111111111111111111111111111111111111111111111111111111111111111111111111111111111111111111111111111111111111111111111111111111111111111,10928151485159539521461241026354231,13598018856492162040239554477268290,,385509,22002056689466296922983322104048462,8494596606480118545056925837427687096424756,8402958751176944212652063735101387274453410946,46768052394588893382517914646921056628989841375232,13860,28737014455858741457988387129003118234171086,60151969660665498387570609524531799611674874738,1428
0,8925,1,167,49198094402450621003462431058585043,1,0,11111111111111111111111111111111111111111111111111111111111111111111111111111111111111111111111111111111111111111111111111111111111111111111111111111111111111111111111,17657152049734696781894834079447213,22002056689466296922983322104048463,,394434,35600075545958458963222876581316752,15623999029186041640567980059882770961657799,16197223770320165572616802255608233441626558404,93536104789177786765035829293842113257979682750464,14027,52855610077926882787121130986074021814985351,115949186234584275963614139869141677764044765125,1445
0,9078,1,168,79604188924891052809189520789413679,2,1,111111111111111111111111111111111111111111111111111111111111111111111111111111111111111111111111111111111111111111111111111111111111111111111111111111111111111111111111,28529529347286369220532033218366487,35600075545958458963222876581316753,,403512,57602132235424755886206198685365215,28737014477860798147454684051986440338219549,31221152648057333950960289259797567894348003592,187072209578355573530071658587684226515959365500928,14195,97216623562971665885677498174959911010814236,223503908314598087833121272929019395940732544060,1462
0,9231,1,169,128802283327341673812651951847998722,1,0,1111111111111111111111111111111111111111111111111111111111111111111111111111111111111111111111111111111111111111111111111111111111111111111111111111111111111111111111111,46096564297859335216144785954158914,57602132235424755886206198685365216,,412743,93202207781383214849429075266681968,52855610113526958333079589949296898396302104,60180706675143359185718064208583786052013094287,374144419156711147060143317175368453031918731001856,14364,178809248118759346820253313213020373164019136,430826216857905196135266311582490441210800187515,1479
0,9384,1,170,208406472252232726621841472637412401,2,1,11111111111111111111111111111111111111111111111111111111111111111111111111111111111111111111111111111111111111111111111111111111111111111111111111111111111111111111111111,74480487014020525660306337657129937,93202207781383214849429075266681969,,422127,150804340016807970735635273952047184,97216623620573798121102254061166109696179452,116002041844697802921947219459090974662441067229,748288838313422294120286634350736906063837462003712,14534,328881481795257971039010401337277182571135476,830460018082230919117719788589235300967590590987,1496
0,9555,1,171,337208755579574400434493424485411123,1,0,111111111111111111111111111111111111111111111111111111111111111111111111111111111111111111111111111111111111111111111111111111111111111111111111111111111111111111111111111,120341787513723481233602811219285525,150804340016807970735635273952047185,,431682,244006547798191185585064349218729153,178809248211961554601636528062449448430701105,223601124938218661631242375183080562050428723512,1496577676626844588240573268701473812127674924007424,14705,604907353534591115980365968611463665431334064,1600792185099432006008054592559836112781564389791,1514
0,9708,1,172,545615227831807127056334897122823524,2,1,1111111111111111111111111111111111111111111111111111111111111111111111111111111111111111111111111111111111111111111111111111111111111111111111111111111111111111111111111111,194442147233435673698076394782471354,244006547798191185585064349218729154,,441390,394810887814999156320699623170776338,328881481946062311055818372072912456523182661,431005026106117157689867948110552890659230888620,2993155353253689176481146537402947624255349848014848,14877,1112598083541810641621012898011190296433170645,3085679544977786782892283067914642417010383891805,1531
0,9879,1,173,882823983411381527490828321608234647,1,0,11111111111111111111111111111111111111111111111111111111111111111111111111111111111111111111111111111111111111111111111111111111111111111111111111111111111111111111111111111,314169744374434970262467399463188066,394810887814999156320699623170776339,,451269,638817435613190341905763972389505492,604907353778597663778557154196528014650063218,830788899564176981428775606961308213424113773648,5986310706507378352962293074805895248510699696029696,15050,2046386919022464068657197238695566418387687370,5947936774265566865707925397174266721418769761203,1549
0,10032,1,174,1428439211243188654547163218731058171,2,1,111111111111111111111111111111111111111111111111111111111111111111111111111111111111111111111111111111111111111111111111111111111111111111111111111111111111111111111111111111,507619514002801616928666287362628819,638817435613190341905763972389505493,,461301,1033628323428189498226463595560281831,1112598083936621529436012054331889919603946984,1601397092453210603671833149714032640796214453009,11972621413014756705924586149611790497021399392059392,15224,3763892356342872374056767290903284729470921233,11465197403906962636037038664610053464634831816447,1566
0,10203,1,175,2311263194654570182037991540339292818,1,0,1111111111111111111111111111111111111111111111111111111111111111111111111111111111111111111111111111111111111111111111111111111111111111111111111111111111111111111111111111111,820185825053014181512248684053648429,1033628323428189498226463595560281832,,471504,1672445759041379840132227567949787324,2046386919661281504270387580601330390777192863,3086792143061723404421719079968974306929987838789,23945242826029513411849172299223580994042798784118784,15399,6922877359301957972149976583930741067462555587,22100210815603526888309080279412995243860199922464,1584
0,10374,1,176,3739702405897758836585154759070350989,2,1,11111111111111111111111111111111111111111111111111111111111111111111111111111111111111111111111111111111111111111111111111111111111111111111111111111111111111111111111111111111,1325214592940532309334663549127496929,1672445759041379840132227567949787325,,481878,2706074082469569338358691163510069156,3763892357376500697484956789129748325031203065,5949983161185228147212195784754868051809546954066,47890485652059026823698344598447161988085597568237568,15575,12733156635306111850477131455435356187710669683,42600137136837779794475763421166289736843789338903,1602
0,10545,1,177,6050965600552329018623146299409643807,1,0,111111111111111111111111111111111111111111111111111111111111111111111111111111111111111111111111111111111111111111111111111111111111111111111111111111111111111111111111111111111,2141214422023236034363705843174447757,2706074082469569338358691163510069157,,492423,4378519841510949178490918731459856481,6922877360974403731191356424062968635412342912,11468961296264339136734523621399183212959863019512,95780971304118053647396689196894323976171195136475136,15752,23419926351984570520112064828495845580204428335,82115528517533497466034078149944206497148368031880,1620
0,10716,1,178,9790668006450087855208301058479994796,2,1,1111111111111111111111111111111111111111111111111111111111111111111111111111111111111111111111111111111111111111111111111111111111111111111111111111111111111111111111111111111111,3459665495312002699370064357944175904,4378519841510949178490918731459856482,,503139,7084593923980518516849609894969925638,12733156638012185932946700793794047351220738840,22107133692964501292040271635837058212495612265376,191561942608236107294793378393788647952342390272950272,15930,43075960348265086101780552707994170403327440930,158284837766239143285553445471922674690812220312759,1638
0,10887,1,179,15841633607002416873831447357889638603,1,0,11111111111111111111111111111111111111111111111111111111111111111111111111111111111111111111111111111111111111111111111111111111111111111111111111111111111111111111111111111111111,5589951765850079194212308960092269430,7084593923980518516849609894969925639,,514026,11463113765491467695340528626429782120,23419926356363090361623014006986764311664284817,42612870293475791980408710121960083784195010077743,383123885216472214589586756787577295904684780545900544,16109,79229043338261842554839318330284063334752608105,305107637113574921838103558678870229137299989948918,1656
0,11058,1,180,25632301613452504729039748416369633399,2,1,111111111111111111111111111111111111111111111111111111111111111111111111111111111111111111111111111111111111111111111111111111111111111111111111111111111111111111111111111111111111,9031960109112347196800478483956998121,11463113765491467695340528626429782121,,525084,18547707689471986212190138521399707759,43075960355349680025761071224843780298297366569,82138948443889860556395701163951193261460032316697,766247770432944429179173513575154591809369561091801088,16289,145724930042890019018242885045264998049744333852,588120873690823354570099792422697194109455588371300,1674
0,11248,1,181,41473935220454921602871195774259272002,1,0,1111111111111111111111111111111111111111111111111111111111111111111111111111111111111111111111111111111111111111111111111111111111111111111111111111111111111111111111111111111111111,14593382345615140021792255410830901064,18547707689471986212190138521399707760,,536332,30010821454963453907530667147829489880,79229043349724956320330786025624591961182390226,158327913726594492965579206543147518471110517679328,1532495540865888858358347027150309183618739122183602176,16470,268029933736501541598843274600392841682794308526,1133652297014527280250152497737441291199027830949674,1693
0,11419,1,182,67106236833907426331910944190628905401,2,1,11111111111111111111111111111111111111111111111111111111111111111111111111111111111111111111111111111111111111111111111111111111111111111111111111111111111111111111111111111111111111,23579245890429627883376589108833740271,30010821454963453907530667147829489881,,547751,48558529144435440119720805669229197640,145724930061437726707714871257455136571144041612,305186866156924646794423889464895853729261172339144,3064991081731777716716694054300618367237478244367204352,16652,492983907129116516937416945671282431693721032604,2185208721545520049623935055382156232916893926949220,1711
0,11609,1,183,108580172054362347934782139964888177403,1,0,111111111111111111111111111111111111111111111111111111111111111111111111111111111111111111111111111111111111111111111111111111111111111111111111111111111111111111111111111111111111111,38098147749030747379508538182007511398,48558529144435440119720805669229197641,,559360,78569350599398894027251472817058687521,268029933766512363053806728507923508830623798407,588266598620884792296807507293954649246026732412912,6129982163463555433433388108601236734474956488734408704,16835,906738770927055785243975091529130409947659382742,4212168758407795331238611235007190571954638518609338,1730
0,11780,1,184,175686408888269774266693084155517082804,2,1,1111111111111111111111111111111111111111111111111111111111111111111111111111111111111111111111111111111111111111111111111111111111111111111111111111111111111111111111111111111111111111,61557051851946651781651524479621966144,78569350599398894027251472817058687522,,571140,127127879743834334146972278486287885162,492983907177675046081852385791003237362950230245,1133920326948293792613206304465949214707858454748081,12259964326927110866866776217202473468949912977468817408,17019,1667752611822684665235198765708336350472004213753,8119296375588727453409506295420742745316587008921144,1748
0,11970,1,185,284266580942632122201475224120405260207,1,0,11111111111111111111111111111111111111111111111111111111111111111111111111111111111111111111111111111111111111111111111111111111111111111111111111111111111111111111111111111111111111111,99460757453743963487461986266847006188,127127879743834334146972278486287885163,,583110,205697230343233228174223751303346572684,906738771005625135843373985556381882764718070264,2185701705452697724670016907767947236154256877179465,24519928653854221733733552434404946937899825954937634816,17204,3067475289927415496561026243028469997782613826740,15650594182490336626885258890276038764895977909227783,1767
0,12160,1,186,459952989830901896468168308275922343011,2,1,111111111111111111111111111111111111111111111111111111111111111111111111111111111111111111111111111111111111111111111111111111111111111111111111111111111111111111111111111111111111111111,160703639561316180298851043347005784266,205697230343233228174223751303346572685,,595270,332825110087067562321196029789634457847,1667752611949812544979033099855308628958292098916,4213075497178800956374454608992746953837403236679602,49039857307708443467467104868809893875799651909875269632,17390,5641966672755725297639598994293188231019336110757,30167761021939557136203393328471919318321460313937730,1786
0,12350,1,187,744219570773534018669643532396327603218,1,0,1111111111111111111111111111111111111111111111111111111111111111111111111111111111111111111111111111111111111111111111111111111111111111111111111111111111111111111111111111111111111111111,259656777501057342169384363326490161635,332825110087067562321196029789634457848,,607620,538522340430300790495419781092981030532,3067475290133112726904259471202693749085960399425,8120964128200677265954485328520598053945545301020060,98079714615416886934934209737619787751599303819750539264,17577,10377194574632953339179658337176966857760242036413,58150727077197422172872613123161447782371428468766259,1805
0,12540,1,188,1204172560604435915137811840672249946229,2,1,11111111111111111111111111111111111111111111111111111111111111111111111111111111111111111111111111111111111111111111111111111111111111111111111111111111111111111111111111111111111111111111,419540231237320508286723157989442297472,538522340430300790495419781092981030533,,620160,871347450517368352816615810882615488380,5641966673088550407726666556614384260808970568605,15653661657780469739612163149747241458645063869627208,196159429230833773869868419475239575503198607639501078528,17765,19086636537521791363723516802672848837865538546595,112090046409827993201915750670430003919534411992951832,1824
0,12730,1,189,1948392131377969933807455373068577549447,1,0,111111111111111111111111111111111111111111111111111111111111111111111111111111111111111111111111111111111111111111111111111111111111111111111111111111111111111111111111111111111111111111111,677871794145437318146772857766804962178,871347450517368352816615810882615488381,,632890,1409869790947669143312035591975596518913,10377194575171475679609959127672386638853223066946,30173402988612645686611119995028533702582269284506335,392318858461667547739736838950479151006397215279002157056,17954,35105797785243295110629841696464199956434751151613,216062196166745442250603920271810612478872364645283029,1843
0,12920,1,190,3152564691982405848945267213740827495676,2,1,1111111111111111111111111111111111111111111111111111111111111111111111111111111111111111111111111111111111111111111111111111111111111111111111111111111111111111111111111111111111111111111111,1095270810960734590399132309913072811893,1409869790947669143312035591975596518914,,645810,2281217241465037496128651402858212007294,19086636538393138814240885155489464648748154034976,58161104271772593648552223082289120169010281691833205,784637716923335095479473677900958302012794430558004314112,18144,64569628897936562153963317626809435433153512765154,416476372642383503312003404060430597883360474391507455,1862
0,13130,1,191,5100956823360375782752722586809405045123,1,0,11111111111111111111111111111111111111111111111111111111111111111111111111111111111111111111111111111111111111111111111111111111111111111111111111111111111111111111111111111111111111111111111,1769682939610859905846535103321933598167,2281217241465037496128651402858212007295,,658940,3691087032412706639440686994833808526208,35105797786653164901577510839776235548410347670527,112109133046366386340729991555585493384183160146986808,1569275433846670190958947355801916604025588861116008628224,18335,118762063221572996078834044478763100038336417951743,802789719490729532413075298084960334450777532721575521,1882
0,13320,1,192,8253521515342781631697989800550232540799,2,1,111111111111111111111111111111111111111111111111111111111111111111111111111111111111111111111111111111111111111111111111111111111111111111111111111111111111111111111111111111111111111111111111,2859363798805744417051455104274914140630,3691087032412706639440686994833808526209,,672260,5972304273877744135569338397692020533503,64569628900217779395428355122938086836011724772449,216097301964532095415505497782650388714420774992953556,3138550867693340381917894711603833208051177722232017256448,18527,218437489906162723134374872945348771019900278387424,1547437421346224864316412613972787038197193531905352813,1901
0,13530,1,193,13354478338703157414450712387359637585922,1,0,1111111111111111111111111111111111111111111111111111111111111111111111111111111111111111111111111111111111111111111111111111111111111111111111111111111111111111111111111111111111111111111111111,4620014778307491975701189729112890740676,5972304273877744135569338397692020533504,,685790,9663391306290450775010025392525829059712,118762063225264083111246751118203787033170226477952,416540942271283721091398832415553535970196486116279904,6277101735386680763835789423207666416102355444464034512896,18720,401769182027953498608637272547049957894248421111616,2982800815443869995456996813900828359245752314011389345,1921
0,13720,1,194,21607999854045939046148702187909870126721,2,1,11111111111111111111111111111111111111111111111111111111111111111111111111111111111111111111111111111111111111111111111111111111111111111111111111111111111111111111111111111111111111111111111111,7464785194767621252730852577976973980242,9663391306290450775010025392525829059713,,699510,15635695580168194910579363790217849593216,218437489912135027408252617080918109417592298920928,802908481553954796496186544836078538237810702948053473,12554203470773361527671578846415332832204710888928069025792,18914,738968735159380304854258896610602515947318925976992,5749568898552108113277883558374129267863919864754597583,1940
0,13930,1,195,34962478192749096460599414575269507712643,1,0,111111111111111111111111111111111111111111111111111111111111111111111111111111111111111111111111111111111111111111111111111111111111111111111111111111111111111111111111111111111111111111111111111,12061220727184683600548665717981030980647,15635695580168194910579363790217849593217,,713440,25299086886458645685589389182743678652929,401769182037616889914927723322059983286774250171329,1547655858836136999343820866589867956306611124204273741,25108406941546723055343157692830665664409421777856138051584,19109,1359175407099468830871148786238570583259159646009536,11082715616896157769547479531083823203544676413619393214,1960
0,14140,1,196,56570478046795035506748116763179377839364,2,1,1111111111111111111111111111111111111111111111111111111111111111111111111111111111111111111111111111111111111111111111111111111111111111111111111111111111111111111111111111111111111111111111111111,19487907774203274105900009757775997449491,25299086886458645685589389182743678652930,,727580,40934782466626840596168752972961528246146,738968735175016000434427091521181879737536775570209,2983202584625907612346911741624150419229039088261560674,50216813883093446110686315385661331328818843555712276103168,19305,2499913324296466025640335406171233082493252822157857,21362741189728272877626180769948648786960959716589653883,1980
0,14350,1,197,91532956239544131967347531338448885552007,1,0,11111111111111111111111111111111111111111111111111111111111111111111111111111111111111111111111111111111111111111111111111111111111111111111111111111111111111111111111111111111111111111111111111111,31487571449536011054667023951277406463994,40934782466626840596168752972961528246147,,741930,66233869353085486281758142155705206899076,1359175407124767917757607431924159972441903324662466,5750307867287283129278317985465650449743657401530167792,100433627766186892221372630771322662657637687111424552206336,19502,4598057466570950856945911283930985545489949243737602,41178228289802446372798455601030751677598595083225205354,2000
0,14560,1,198,148103434286339167474095648101628263391371,2,1,111111111111111111111111111111111111111111111111111111111111111111111111111111111111111111111111111111111111111111111111111111111111111111111111111111111111111111111111111111111111111111111111111111,50876018466285541197079571722786556907297,66233869353085486281758142155705206899077,,756490,107168651819712326877926895128666735145223,2499913324337400808106962246767401835466214350404004,11084074792303282537465237138515747363517118316944055680,200867255532373784442745261542645325315275374222849104412672,19700,8457146197992184800343854122026378600425105390557925,79373992963714160149250433887528874117847888614964420243,2020
0,14770,1,199,239636390525883299441443179440077148943378,1,0,1111111111111111111111111111111111111111111111111111111111111111111111111111111111111111111111111111111111111111111111111111111111111111111111111111111111111111111111111111111111111111111111111111111,82202886276260236071447744630716957587025,107168651819712326877926895128666735145224,,771260,173402521172797813159685037284371942044300,4598057466637184726298996770212743687645654450636679,21365241103052610278434287732195416188796425930940057887,401734511064747568885490523085290650630550748445698208825344,19899,15555116988900536465396727652724765981381268984699531,152999037235548161937140307397024021945924561731723335160,2040
0,14980,1,200,387739824812222466915538827541705412334749,2,1,11111111111111111111111111111111111111111111111111111111111111111111111111111111111111111111111111111111111111111111111111111111111111111111111111111111111111111111111111111111111111111111111111111111,132819247965044719926357931990177024332687,173402521172797813159685037284371942044301,,786240,280571172992510140037611932413038677189524,8457146198099353452163566448904305495553772125703149,41182826347269083557524754597800964421286240737675842033,803469022129495137770981046170581301261101496891396417650688,20099,28610320653529905992039578544963888269452028825894135,294916499592117378737623484617779063930167471360853018644,2060
